"link","frequency"
"http://…",23
"http://http://t.co/v6NxLiYT3F",1
"http://t…",23
"http://t.…",220
"http://t.c…",94
"http://t.co…",175
"http://t.co/…",80
"http://t.co/00C042ZLvE",1
"http://t.co/00mjo5GQ22”",1
"http://t.co/016nXlke8P""",1
"http://t.co/029CCssC70",1
"http://t.co/03ByWFUUvp”",1
"http://t.co/04jF3K621x",1
"http://t.co/04ji9qXQN8",38
"http://t.co/061MT97hX1""",1
"http://t.co/06smXSuMFb""",2
"http://t.co/074jrTgzVb",1
"http://t.co/085WkPrBJC",2
"http://t.co/08FkmryhUS""",1
"http://t.co/09VmGjBppn",9
"http://t.co/0bP09KGOuR",1
"http://t.co/0CEgjCubE8",1
"http://t.co/0DBrdnnXEa",1
"http://t.co/0djNoOD6jM",1
"http://t.co/0dpykfWC7n",1
"http://t.co/0EVSUn3gOj”",1
"http://t.co/0F3RyxxYCF",1
"http://t.co/0gTZQFbHdd",2
"http://t.co/0hch6WJjLq",1
"http://t.co/0hF…",9
"http://t.co/0hF1oDfn2N",1
"http://t.co/0IBzC8JTRS”",1
"http://t.co/0if9LsDfFD",1
"http://t.co/0j794Nyeo4”",1
"http://t.co/0JjPwsecXp""",3
"http://t.co/0JYuT6j1rr",1
"http://t.co/0KL3f3bfxB",1
"http://t.co/0KQApcWfNK",1
"http://t.co/0L2QldFS38”",1
"http://t.co/0LlUCWhGqp",1
"http://t.co/0lqWITkv5e",1
"http://t.co/0MeULSZLEF",1
"http://t.co/0MrKU…",1
"http://t.co/0MrKUWSUU8",1
"http://t.co/0MwE36aPxF",1
"http://t.co/0ngme7abki”",1
"http://t.co/0O2EwuaDws",1
"http://t.co/0onhrXOhFj”",1
"http://t.co/0pAQ1pDt4d",1
"http://t.co/0Q1zzaTesZ",1
"http://t.co/0qibJ5LOgO”",1
"http://t.co/0qibJ5LOgO”…",5
"http://t.co/0R4ZwsKo7d”",1
"http://t.co/0rDNmp1DhT”",1
"http://t.co/0rPUnIwCNI",2
"http://t.co/0Rwn1jy1T2",1
"http://t.co/0Sk8mAGsSP",1
"http://t.co/0smKdD8HdX",1
"http://t.co/0tOqJ460vy”",1
"http://t.co/0UkxhitKpl",1
"http://t.co/0VcVXhYMFN”&lt;",1
"http://t.co/0VtddAt2RL",2
"http://t.co/0wA74eEHof",1
"http://t.co/0wh2vD6JaK",1
"http://t.co/0wMTgyHhmt",1
"http://t.co/0Wtxa58SQZ""",1
"http://t.co/0X9AcORkmM",11
"http://t.co/0Xgr3T4ULK”",1
"http://t.co/0XWBUuOSwv",1
"http://t.co/0YfTTPAxJO",1
"http://t.co/0YofHJ1q7J",1
"http://t.co/0Ys9E9KOub",4
"http://t.co/0YTDaOa6Om",11
"http://t.co/0Z1JMx3jWP",1
"http://t.co/0ZwkAvYdXt",1
"http://t.co/10UJhERUaH”",1
"http://t.co/11XRndelol”",1
"http://t.co/13TVKGc5cU",3
"http://t.co/14mnWUc0gc",1
"http://t.co/18OYbu2JxX",1
"http://t.co/1aQS5402oU",1
"http://t.co/1cnXVUN6vg""",1
"http://t.co/1CprrEubbW",1
"http://t.co/1CR3xrdBJe",1
"http://t.co/1d6G8r5Zkk",1
"http://t.co/1e9rhVvsmI",1
"http://t.co/1EjedLFC8Q",1
"http://t.co/1EVQ1XOnjK",1
"http://t.co/1ezUXMoAvf""",1
"http://t.co/1f4eKt8FWQ",1
"http://t.co/1gesDDU5IV",1
"http://t.co/1gV1kD3TjJ",1
"http://t.co/1H8A9AGQQT",1
"http://t.co/1hTy0PHzv0",1
"http://t.co/1K8Q6WZktX",1
"http://t.co/1kJchKIQ05",1
"http://t.co/1KKALmnI6A",1
"http://t.co/1luvihJOLJ”",1
"http://t.co/1LYKXiKAPe",1
"http://t.co/1mHxX3TeFo",1
"http://t.co/1MiJqf2CRr",1
"http://t.co/1mpqqTwcHd",1
"http://t.co/1NTDdal2Sl",1
"http://t.co/1O4xUsjT0a",1
"http://t.co/1OkQpTbO5Z""",1
"http://t.co/1oQbbwGME4",1
"http://t.co/1PO2krQXCK""",1
"http://t.co/1QJySRS1GR”",4
"http://t.co/1qvlXw7QMp",1
"http://t.co/1SQaa4ckVO""",1
"http://t.co/1sU7emuqcp”",2
"http://t.co/1sYaLuHEdK""",1
"http://t.co/1TkhAobGyf",1
"http://t.co/1V0EdxawWE",1
"http://t.co/1VeBLdPZn1",1
"http://t.co/1VZnBrGQch",1
"http://t.co/1WB7I9Z0GG",1
"http://t.co/1Wg6V29nW9",1
"http://t.co/1x1tn5a2oQ",1
"http://t.co/1x4iy3yAkr”",1
"http://t.co/1xCmzUN9nV",1
"http://t.co/1XheVqHIbt",2
"http://t.co/1xWYNdA6Tp",1
"http://t.co/1zcl8sM5ta",1
"http://t.co/1ZiyUm9D3Z""",1
"http://t.co/1ZOYzzbnZ2",1
"http://t.co/1zsgT61GjM",1
"http://t.co/24NBSATrnf”",1
"http://t.co/24zk5UzkSx",1
"http://t.co/26lH0JMmfw",1
"http://t.co/26ueH732q2",1
"http://t.co/282UpFy6uA",1
"http://t.co/29xR0zU8Xi”",1
"http://t.co/2BETaMYm2x",1
"http://t.co/2CKyXC0lmV”",1
"http://t.co/2CN2vkWny6",1
"http://t.co/2dDSJPrz3N",1
"http://t.co/2DoM7wadxO",1
"http://t.co/2eR7oTFsKs”",1
"http://t.co/2eWxBZCuiF",1
"http://t.co/2GbGflHS7m",1
"http://t.co/2hb5GaUc8s”",1
"http://t.co/2HxDwAu3QD”",3
"http://t.co/2iLu8pwglx",1
"http://t.co/2J4anagQgw",1
"http://t.co/2jadqF1Bn4",1
"http://t.co/2JD9UwMIom",1
"http://t.co/2JjHimLNVc”",1
"http://t.co/2lqCQwjCUc",1
"http://t.co/2MhZfZXgfs",1
"http://t.co/2NCxxcMx42",1
"http://t.co/2Pd49JD7ZW",1
"http://t.co/2pIZxY8MZ3",1
"http://t.co/2Rl3RhtVmz",1
"http://t.co/2rzcXq4moV",5
"http://t.co/2SchtoOL4C",1
"http://t.co/2SPfCFunsF",1
"http://t.co/2SVPaOX3Ct",1
"http://t.co/2T0VvKqjds”",1
"http://t.co/2tW5zk6QZM",1
"http://t.co/2uhbc2eKeC",1
"http://t.co/2Uvm1dBlIh”",1
"http://t.co/2wrqp9hlQ8”",1
"http://t.co/2xFExpSwXy",1
"http://t.co/2xOWplGWJF”.",1
"http://t.co/2yEdtjurTY",1
"http://t.co/2z…",1
"http://t.co/2Z1KBKPAWR",1
"http://t.co/2zjN3FImTY",1
"http://t.co/31JEvS0AQf",2
"http://t.co/31XTSZAyq6”",5
"http://t.co/32r5qNkQh1”",1
"http://t.co/335rywwc0X""",1
"http://t.co/33Dzevjvja",7
"http://t.co/33zgET56QF""",1
"http://t.co/34Ts9atoZc",3
"http://t.co/35N4GSc6jD""",1
"http://t.co/35oj…",7
"http://t.co/35ojVaEXFm”",1
"http://t.co/362OftqQ2X”",1
"http://t.co/36NgESMLoJ",1
"http://t.co/37hNSXnd2c",1
"http://t.co/37x3njKDeE",1
"http://t.co/38wCA728Ov",2
"http://t.co/39OpwP9cfS",2
"http://t.co/3aGpzxuv1Y",1
"http://t.co/3aJq83Wf3F",3
"http://t.co/3b8zScaDzJ",2
"http://t.co/3bHMTxgdS7""",1
"http://t.co/3by1XudEtg",1
"http://t.co/3bYKlrsJhr",1
"http://t.co/3ByV3fNDlq",1
"http://t.co/3bZWmxgKip",1
"http://t.co/3ElwdcA0bj",3
"http://t.co/3g76YGMP8D",1
"http://t.co/3Hi0HcVR3t",41
"http://t.co/3hUCDSMshY",1
"http://t.co/3IsAZSk9o7",1
"http://t.co/3IXoyCoIGZ”",1
"http://t.co/3J00XxjTaH",1
"http://t.co/3JqvBqfw2m",2
"http://t.co/3jxC9PsgEW",1
"http://t.co/3k9zNokORq”",1
"http://t.co/3KhbASl656",1
"http://t.co/3lSZD801xU",1
"http://t.co/3nIfDIeVZN",1
"http://t.co/3OtHaicMuj",1
"http://t.co/3phL9vHW0g”",1
"http://t.co/3QWAd4MJJa",1
"http://t.co/3Ro0bvmfWs",1
"http://t.co/3sx1QfU76e""",1
"http://t.co/3UKg2CyGPx",1
"http://t.co/3VdvtzlFRx",1
"http://t.co/3wFlSN0hjm",1
"http://t.co/3wIGA30o5f",1
"http://t.co/3XEoQRMMTI",1
"http://t.co/3YRJn704PS""",1
"http://t.co/3YzHaDMiJt",1
"http://t.co/3z47nnZlJv",1
"http://t.co/3zbcMzv35D""",1
"http://t.co/3zcgPhNFVX",4
"http://t.co/3zcgPhNFVX.",8
"http://t.co/40rbHqAhh6",1
"http://t.co/41MUU4aSzy",2
"http://t.co/4204IvYJe4",1
"http://t.co/428gbWGgdr",2
"http://t.co/42HfXaKNJC",1
"http://t.co/42HS85osji",1
"http://t.co/44moTw3MLU”",1
"http://t.co/46PKaSHkcC",1
"http://t.co/4aH8V3xz1d",39
"http://t.co/4ASDCY9l",72
"http://t.co/4AYyj7bdRw",1
"http://t.co/4BJOo4xyyJ",2
"http://t.co/4cF8EnjO",26
"http://t.co/4dMWw7U76i",1
"http://t.co/4dUll8R65e",1
"http://t.co/4ElFObrcJd",1
"http://t.co/4eMXRZRlOU",1
"http://t.co/4EQ88AGY0O",1
"http://t.co/4F6eLjrXjp",204
"http://t.co/4F7YxTLmHu",1
"http://t.co/4FNx6pk42e",1
"http://t.co/4fXYOCqsJ5",1
"http://t.co/4I2cfUDMKR”",1
"http://t.co/4kq3sSIBQm",1
"http://t.co/4LiFnfzI7b",1
"http://t.co/4lspRDIoai”",1
"http://t.co/4mKeq9tS1X”",1
"http://t.co/4mWSLyHqea",6
"http://t.co/4N45SBYpWB",1
"http://t.co/4OEiBuCisZ",1
"http://t.co/4oiaX0fWv5",2
"http://t.co/4OjqHAuUtT",8
"http://t.co/4oKjjygPK0",1
"http://t.co/4pO209mZJB",1
"http://t.co/4qabIELhzN",1
"http://t.co/4Qku742Skj",1
"http://t.co/4qZJBfIAEU”",3
"http://t.co/4rLRsj4CLd",1
"http://t.co/4Rmh3R2dFR",2
"http://t.co/4sikh1Tsqq",1
"http://t.co/4sJueNIvrR",2
"http://t.co/4SlLfKiQTb""",1
"http://t.co/4TDYjtzwKc",1
"http://t.co/4vhaWiBscC",1
"http://t.co/4w7ikhG6as",1
"http://t.co/4WnclcWFhh”",1
"http://t.co/4X4NPQZZdm",1
"http://t.co/4XAYS8NtbJ",1
"http://t.co/4xLLiC0FWs”",1
"http://t.co/4ycmwGbG45”””",1
"http://t.co/4yuB1BFxi1”",1
"http://t.co/4zb5FK4r0j""",1
"http://t.co/4ZePZiFRK0",1
"http://t.co/4zW4lhtOeN""",1
"http://t.co/5043wcZnBS",7
"http://t.co/551jfPtX0K",1
"http://t.co/573ajCHxHJ”",1
"http://t.co/57D4dRfvSt",1
"http://t.co/58pGnXl8AM",1
"http://t.co/5aYy7KNzO8",1
"http://t.co/5dQZOGwYcG",1
"http://t.co/5ESG4pWX2t",2
"http://t.co/5fwwPeikpJ",8
"http://t.co/5G6mNHa90P",1
"http://t.co/5H5cDUViie”",1
"http://t.co/5IB6ZzXals",1
"http://t.co/5IHybtm242",1
"http://t.co/5iSk8PvQdO",62
"http://t.co/5JMlra3wrI",1
"http://t.co/5JONrbHMfl”",1
"http://t.co/5JtKchddDw",1
"http://t.co/5KdnMUbcNd",3
"http://t.co/5KgnPiT5Pt”",1
"http://t.co/5L3hGEprSj",2
"http://t.co/5l3Z0JhS7i""",2
"http://t.co/5lfFZnSdJn""",1
"http://t.co/5lstWg0LOw",1
"http://t.co/5LV5nvULTf",1
"http://t.co/5m2zyZ1vNI",1
"http://t.co/5mLwdVQBzC",1
"http://t.co/5Mpma5FWeD""",1
"http://t.co/5nn9xx5KNf",1
"http://t.co/5NO9yS1RU7”",1
"http://t.co/5NrD6Wq8UC",1
"http://t.co/5OzHH4X8DX",1
"http://t.co/5pQ0RbRYhV""",1
"http://t.co/5Pzv3bupPL",1
"http://t.co/5QIwPErwVY",2
"http://t.co/5SODvFFECe",1
"http://t.co/5st0PKdH96",1
"http://t.co/5tzGtYQ6P3",1
"http://t.co/5UJkbHcCzB”",1
"http://t.co/5UoqjBHbHz",1
"http://t.co/5zf9xUFjeW",1
"http://t.co/5zK2hRszzb”",1
"http://t.co/61LZuwEh8k",1
"http://t.co/61ogcXevwd",1
"http://t.co/626iyoU4Ih”",1
"http://t.co/63BZyfWML9",1
"http://t.co/64ENYsyGF9""",1
"http://t.co/65eG7QWOGh”",1
"http://t.co/6632Ro6Y8j",1
"http://t.co/66NvWNT5ni",1
"http://t.co/66qMaDAv",13
"http://t.co/69MvpaH44f",1
"http://t.co/6a5b9UEDVa",1
"http://t.co/6aI2eSKAM1",1
"http://t.co/6aRQ46NGBU”",1
"http://t.co/6bnkcGvEKm",1
"http://t.co/6BqtYP8IX2",2
"http://t.co/6Cj5XIWRZp",1
"http://t.co/6Cj90UWZ…",1
"http://t.co/6Cj90UWZE7",1
"http://t.co/6CP02Htsbb",1
"http://t.co/6cUflATTvB",2
"http://t.co/6cURoj9KP7",1
"http://t.co/6CV2qjAoC2",1
"http://t.co/6e8U8I6f7i",1
"http://t.co/6Eod1cWau6",1
"http://t.co/6ePBgYHJGn",1
"http://t.co/6Ey6GoW1jX",1
"http://t.co/6f7SAtL3y7”",1
"http://t.co/6Fj1YkMyYB",1
"http://t.co/6HB2crrPTR",1
"http://t.co/6hciISoHfC",1
"http://t.co/6HlA9pcpqX",1
"http://t.co/6Hoj7viqzc",1
"http://t.co/6I26ATfRLr",1
"http://t.co/6iW173yXg5",2
"http://t.co/6JhqppH0",16
"http://t.co/6KOpmYMI0v",2
"http://t.co/6KX4datlxj",1
"http://t.co/6NUrXeucph""",18
"http://t.co/6oavSseqsQ",1
"http://t.co/6pmQfip9o8",3
"http://t.co/6PSNMJ3T…",1
"http://t.co/6PSNMJ3TdM",1
"http://t.co/6qY1FuxBcW",2
"http://t.co/6rHOL1xLJJ",1
"http://t.co/6rOwtBPal2",2
"http://t.co/6SVDkbHELX””",1
"http://t.co/6TcZRvUcd6",1
"http://t.co/6W9Vs27ZTh",1
"http://t.co/6WafMLXHGm",1
"http://t.co/6widqogmG3",1
"http://t.co/6WPphEkCJn",1
"http://t.co/6ZHlgmmHDp”",1
"http://t.co/702gmj1T4I",1
"http://t.co/70KrevdfyS",1
"http://t.co/73V4qG3…",1
"http://t.co/73V4qG3b7L",2
"http://t.co/74ZAHOmhog""",1
"http://t.co/76h2ksnnkX”",1
"http://t.co/76Z9LvOaRS",1
"http://t.co/77fS0ZpRG2",1
"http://t.co/78XRPBVlP7",1
"http://t.co/7aLd0TDk0H",1
"http://t.co/7apbUFZeKC",1
"http://t.co/7CeJ0Ol4qh",2
"http://t.co/7DPRYO3snd",1
"http://t.co/7ep1uDoCOU""",2
"http://t.co/7FCliYzUbn",1
"http://t.co/7gECxC3abt",1
"http://t.co/7gWuHU8OcU",1
"http://t.co/7H3cBxtM9S",1
"http://t.co/7It8H9MXlK",1
"http://t.co/7ixxU427U3",1
"http://t.co/7J9Htmt1iG",1
"http://t.co/7jWuDbJJzl",1
"http://t.co/7kT2xUxsOY""",26
"http://t.co/7LxkH6VyT9",1
"http://t.co/7O5GsCoTqJ""",1
"http://t.co/7O7iRUUEnl",1
"http://t.co/7P4hoHOSki""",1
"http://t.co/7PEsCadb87",1
"http://t.co/7QMEM22mt4",1
"http://t.co/7RdfUFV4nh",2
"http://t.co/7S58zy7jYi",1
"http://t.co/7Scjm8QYX1",1
"http://t.co/7SoZUGKVBr""",6
"http://t.co/7TOYNnH1qr",1
"http://t.co/7uUFuTKMPD",1
"http://t.co/7UzcI1ZJiW”",1
"http://t.co/7v6CykNqp2”",1
"http://t.co/7vagkhPBuz",1
"http://t.co/7VbQ3F0W2x",1
"http://t.co/7W…",1
"http://t.co/80GZy2maWf”",1
"http://t.co/81qW50fYMk",1
"http://t.co/820Wgw1p02",1
"http://t.co/82VXcyVpaE",1
"http://t.co/85BN7javA0",1
"http://t.co/85cUcN385N",1
"http://t.co/89N4uvOjvD”",1
"http://t.co/8AoGeiBvzP""",1
"http://t.co/8AyK384Qy5",1
"http://t.co/8AyK384Qy5!",1
"http://t.co/8bAjcjGRlH",1
"http://t.co/8CVOonADBn”",1
"http://t.co/8DqLebpYhJ”",1
"http://t.co/8efUwD55Nr",1
"http://t.co/8ewuZ8EgAg""",1
"http://t.co/8FdrgoIYCa”",1
"http://t.co/8FtBZtcCJE",1
"http://t.co/8h8PvvsAjU",1
"http://t.co/8hWYNVe5wY”",1
"http://t.co/8hY0nL84Z0",1
"http://t.co/8JPC2Qva7j",63
"http://t.co/8Jy7c48mG6”",2
"http://t.co/8lTHJ5hjpv”",1
"http://t.co/8lWt33hpkx",1
"http://t.co/8Md1jv7Gah”",1
"http://t.co/8mVcIgJolw",3
"http://t.co/8NFbowbWNY”",1
"http://t.co/8nhPnzRos7",1
"http://t.co/8oDJGUdDTh”",1
"http://t.co/8p5MVmxfQo",2
"http://t.co/8p83i7JEA1",1
"http://t.co/8pC6cXzJOB",1
"http://t.co/8Q03bwmmUR”",1
"http://t.co/8QUCJu…",41
"http://t.co/8r7IT8srvP",1
"http://t.co/8rD8Quc2Rh",1
"http://t.co/8sX6jfpxt1",1
"http://t.co/8TC7Smf2Wl",1
"http://t.co/8uKShk434A",4
"http://t.co/8UmPHiEduA",1
"http://t.co/8USlahCzvs",1
"http://t.co/8VAiCnQnnm””",5
"http://t.co/8VIEU8mWCx",1
"http://t.co/8vzKkAEOjx""",1
"http://t.co/8Xj…",1
"http://t.co/8YQYX4RH7D""",1
"http://t.co/8zgzaAnhAL”",1
"http://t.co/8zmRfACrNw",1
"http://t.co/907UblUgAD”",1
"http://t.co/919PYDh4zK",1
"http://t.co/91jTnFUq0t",2
"http://t.co/92sXXu2VLv",1
"http://t.co/94n0pxPoDU",1
"http://t.co/94QT5vVG1i”",4
"http://t.co/95KtIbK7Fr",1
"http://t.co/9662nTvqac",1
"http://t.co/96andmzs…",1
"http://t.co/96andmzsMw",1
"http://t.co/96kh773I68",4
"http://t.co/9AijAHTcT4",1
"http://t.co/9B07QTGZor",1
"http://t.co/9BISmTJv6L",1
"http://t.co/9BLwY8sBAc""",1
"http://t.co/9bzvkQIgwq",1
"http://t.co/9cXyRrnGfj",1
"http://t.co/9d5RtHXgbV…",2
"http://t.co/9DMb8cDTTG",1
"http://t.co/9Dw0lEF8VE”",1
"http://t.co/9e1T48v7fl",1
"http://t.co/9H5sftjvpe”",1
"http://t.co/9HosHOXmCF",1
"http://t.co/9hrUTOL8Yf",1
"http://t.co/9iOoEK8r6W",1
"http://t.co/9ipPKRRAeB”",1
"http://t.co/9JSXoIPVaJ",1
"http://t.co/9kv4RMPLYg",1
"http://t.co/9Lh7Tmx3VT",1
"http://t.co/9m2PUAvXgw",1
"http://t.co/9MEcQ7yOB4",1
"http://t.co/9mkS8Su20D",1
"http://t.co/9MXhrbfNpM",2
"http://t.co/9ocqqcfxEf”",1
"http://t.co/9OKBvi4uyI",1
"http://t.co/9ORSwwXknx",1
"http://t.co/9oZLrxgt6N",1
"http://t.co/9p6l03o3JX",7
"http://t.co/9pqGQrfk5n",3
"http://t.co/9QMEJa8dSY",1
"http://t.co/9qTw6koXC8",1
"http://t.co/9QvrBsrP2L”",1
"http://t.co/9r1S5yLhUd",2
"http://t.co/9RBAIMMmdN""",1
"http://t.co/9S1xgfUYQU",1
"http://t.co/9SjCMGivdR",1
"http://t.co/9TUJDEBO40”",1
"http://t.co/9uEvjZrMnA”",1
"http://t.co/9VesblKbEw",1
"http://t.co/9WOTR1YFXT",1
"http://t.co/9XP1KjB8tw",3
"http://t.co/9Y3ORuYMOS",1
"http://t.co/9Y4lpBtC5n”",1
"http://t.co/9yG6m4tZnJ",1
"http://t.co/9YJqJ2d2OY",1
"http://t.co/A0BN4S8UUT",17
"http://t.co/a124iU868z”",1
"http://t.co/A2wDCKKGHv",1
"http://t.co/a3V42Su3jL",1
"http://t.co/a4cWvE5mvw”",1
"http://t.co/a5sa3KJKmZ",1
"http://t.co/A5SkRx1w1q",1
"http://t.co/a5ZFYvVnrJ",2
"http://t.co/a6qGd9gLnK",1
"http://t.co/a6ygvuOTff",1
"http://t.co/A8b52Mtcc5""",4
"http://t.co/a966lz3dYu""",1
"http://t.co/a9fB0oUXZU",1
"http://t.co/a9NOmIzV3P”",1
"http://t.co/aAUahz9hrl",1
"http://t.co/aB44PqZawZ",1
"http://t.co/aBaMwOqpPK",1
"http://t.co/ablMTajybI",1
"http://t.co/aBQCPNw1hD”",1
"http://t.co/aBRAqYPSVv",1
"http://t.co/ac4igmI1nn",1
"http://t.co/Ac7wLIZlvR",1
"http://t.co/aCGmj1xXsz",2
"http://t.co/AcUuiiKxHM",1
"http://t.co/Ad4KdW2dbL",1
"http://t.co/ADi9PiqVq2""",1
"http://t.co/adyMQNpDnD",1
"http://t.co/adZopVs1KG",5
"http://t.co/aE4FfhTp0X”",1
"http://t.co/AeJR69CbVW",1
"http://t.co/AeN6V5cRmI",1
"http://t.co/aevapAJFq8”",1
"http://t.co/AF0bQWWsxJ""",1
"http://t.co/AF7HvzW6yX",5
"http://t.co/AFdH2J8PJO",1
"http://t.co/AFsUIWpTX5”",1
"http://t.co/AGaJKbWC3B”",1
"http://t.co/agQuAObF01",1
"http://t.co/Ah5UGv11SW""",2
"http://t.co/AhCxpCX3dB",3
"http://t.co/AHDEeIwN7e",1
"http://t.co/AhfHKTXANd",2
"http://t.co/AHopwDRh61",1
"http://t.co/ahWVkdThMp",1
"http://t.co/AhyjcBR8Vc",2
"http://t.co/AiFgOHBl9b",1
"http://t.co/ajwXs2Cy3z",1
"http://t.co/AKIpyDQc0Z",1
"http://t.co/AknNA2jNJP",1
"http://t.co/akYhwooQ2W",1
"http://t.co/AlK9VEwimg",1
"http://t.co/AlTm4AMbRL",50
"http://t.co/ALUOr6MQTp",2
"http://t.co/AMX6iCc9jc",1
"http://t.co/aNgR7uyxoY",1
"http://t.co/anMaZjb7fq”",1
"http://t.co/ann0zgALS7",2
"http://t.co/ANRK4bj33v",1
"http://t.co/aOAs1W719X",1
"http://t.co/aon9l3kUwf",1
"http://t.co/aoppc0712V",1
"http://t.co/aoqBHYdHK0",1
"http://t.co/AouVAclnvT",26
"http://t.co/Aowb1iMFb1",1
"http://t.co/APD6RBzyIt",1
"http://t.co/aPiRBbZYI5",1
"http://t.co/apJPezqhHL",1
"http://t.co/aPLz3U196J""",1
"http://t.co/APnCR3U9np”",1
"http://t.co/apNEXgNX0X",1
"http://t.co/AqFz9ZD8Dz",1
"http://t.co/AqkUd7ZVmg",1
"http://t.co/aqTVz1ZQxm”",1
"http://t.co/ARaVHxxWgw",1
"http://t.co/ARcGX6RGWF”",1
"http://t.co/aRTcqGv46y”",1
"http://t.co/ArvqPrakTQ",1
"http://t.co/ARYnPQMnL9",4
"http://t.co/aSMeiqmuGh",1
"http://t.co/aSy0c7F95M”",6
"http://t.co/ATQiBNHUka",1
"http://t.co/aU0uzUQE1z”",1
"http://t.co/AU1Wzbi8Pp",15
"http://t.co/AuAXscT6fY",2
"http://t.co/AUC33yo6lc",1
"http://t.co/aUzLxTLNSX",1
"http://t.co/AvE4SGlnMw",1
"http://t.co/aVfGjEGw3y""""”",1
"http://t.co/aVG5NXEZMo""",1
"http://t.co/aVh3ZZCnb3",1
"http://t.co/AwCfxWGrbm",1
"http://t.co/aWnnHhJHUV”",1
"http://t.co/AWteHkF8yB",1
"http://t.co/aWv25BdkFB",1
"http://t.co/Axf8WBnehL",1
"http://t.co/ayeriVgbj2",1
"http://t.co/azHnxOhRHj",1
"http://t.co/azjcTy4KQG""",1
"http://t.co/AzT2XLZP1I”.",1
"http://t.co/azzCsqH4EG”",1
"http://t.co/B1mD9lLz28""",2
"http://t.co/B1Ptt1oOsU",1
"http://t.co/b2iw4fOWLr",1
"http://t.co/b2JEPwW9Ap",1
"http://t.co/B2mO6SzbA6",2
"http://t.co/b2tfMO9NbZ",1
"http://t.co/B3Hfbr7OI0",1
"http://t.co/B4bJacDnNJ",1
"http://t.co/b4dvOHEJcx”",1
"http://t.co/b4lwu46KtJ",1
"http://t.co/B6t7AZKpdf",1
"http://t.co/b6yXMKnHeH",1
"http://t.co/b7k45XiUPT",1
"http://t.co/b7vh9We…",33
"http://t.co/b7vh9We1Tj",1
"http://t.co/b7YhfBb1wb”",1
"http://t.co/b9ejXTNhwb",6
"http://t.co/BAtakznDvs",1
"http://t.co/BAzqVKOy5B",1
"http://t.co/bBgwMUJqyi",1
"http://t.co/BBhRrTb6J8",2
"http://t.co/BBJTy6iJho",3
"http://t.co/bBq7UrP1pX”",1
"http://t.co/bBz6PMfdBH",1
"http://t.co/bcdhkStsdw",2
"http://t.co/bcL5TS3XD4",1
"http://t.co/bCO0IqlrH6”",2
"http://t.co/BCrgvf4ciA”",1
"http://t.co/BcUEDiWPsv”",1
"http://t.co/BcvvKb6Nc3",1
"http://t.co/Bd3fmJ26dv",1
"http://t.co/bd3IjtBG02""",1
"http://t.co/bD9GORVTJk",1
"http://t.co/BDT4ghHcLo",1
"http://t.co/bdwNy3vZHb",4
"http://t.co/BDWRtpH1Hi",1
"http://t.co/BEWWZ15xud",1
"http://t.co/BfRomx5rZw",1
"http://t.co/BFtLW2D9aW”",1
"http://t.co/bfUvzotRGm”",1
"http://t.co/BfzWMq63rm",1
"http://t.co/BG5zm0RckT""",1
"http://t.co/BgLhORp4QC",1
"http://t.co/bH400faCT8",1
"http://t.co/BIB0UcpGCm”You're",1
"http://t.co/bigZ5CGWk8",1
"http://t.co/BImNQBiCGv",1
"http://t.co/BivhWr1HAs",1
"http://t.co/BJQeNSD2A9""",2
"http://t.co/BjX0tZgUg6",1
"http://t.co/bKBCuWijD2”",1
"http://t.co/bKC1T5TzxM”",2
"http://t.co/bkZ6FQYoXc”",1
"http://t.co/BlMMwV5ESa""",1
"http://t.co/blyjHSgGzK",1
"http://t.co/bmcyNvVd6r",1
"http://t.co/bMHMxVGrmy",1
"http://t.co/BMMQHV1Hjr""",2
"http://t.co/bn8pM1b1NP",1
"http://t.co/BNsZYJXkJR",2
"http://t.co/bo9Jvr8Uv9",4
"http://t.co/boAZhFjPXM",1
"http://t.co/bOfMQTnvRl",2
"http://t.co/bOLqSczSfg",1
"http://t.co/boplsl9wqu",1
"http://t.co/bowu5iOvYJ",1
"http://t.co/bp51A3M7Xu",1
"http://t.co/bp5pLtUMnu",1
"http://t.co/bPI5pZYhmC”",1
"http://t.co/BPvfJNejL9",2
"http://t.co/bqazOiKYwM",1
"http://t.co/bQDhoCOnU4",2
"http://t.co/Brbf20CJiQ",1
"http://t.co/BRNgVSIYn5",1
"http://t.co/BRoeBAlmWJ”",1
"http://t.co/brVw9xXNOH",1
"http://t.co/bseLZkemmG",1
"http://t.co/BSnI3Pc2nI",1
"http://t.co/bSRfwF4nTW",1
"http://t.co/BT01q0wiI7",1
"http://t.co/bTLKGfRDz1",1
"http://t.co/BTOvPKUTq7",1
"http://t.co/BVDnyplik9",1
"http://t.co/bVkRMTXZeO""",1
"http://t.co/Bvnf35Sg7L",1
"http://t.co/bW0MH9NGDg”",1
"http://t.co/bW77TdKskE",1
"http://t.co/bw8TBgXvnB""",1
"http://t.co/bWoNEHSCno",1
"http://t.co/bwpPozg1Jb”",6
"http://t.co/BxaexjXQZl”",1
"http://t.co/bxDevz6uGf",1
"http://t.co/bXgZiKYS0J”",2
"http://t.co/BxmKX6…",1
"http://t.co/BxmKX6WE49",1
"http://t.co/BxskckMi0E",1
"http://t.co/bXTBPdsLFj",3
"http://t.co/ByEZhPiAxz",1
"http://t.co/byix5GCnWk""",1
"http://t.co/ByuiM…",6
"http://t.co/ByuiMUCXX5",1
"http://t.co/bZrynF9Zoz",1
"http://t.co/c00WDHQHE7",1
"http://t.co/c0EyGmgeWe”",1
"http://t.co/c0Fok2ozwU",1
"http://t.co/C1F55D3QUF""",1
"http://t.co/c1LsPksdIR”",1
"http://t.co/C2QyqwsxOx",1
"http://t.co/c3Wk9QTMpJ",90
"http://t.co/c4hveOl6X0""",1
"http://t.co/c4QpZGxSrr”",1
"http://t.co/c5HNkwSXFq",1
"http://t.co/C5JNwLR9VZ",1
"http://t.co/C6OS2hzhSI",1
"http://t.co/C7PFfNy8eb",1
"http://t.co/C84SfB4HUC",3
"http://t.co/c8P6lz8YM5",1
"http://t.co/C9r8uXzwZD",1
"http://t.co/cA8WTpsOdU",1
"http://t.co/cAeRPSKDqT",4
"http://t.co/Cag2TXLsiS",1
"http://t.co/CAYoNa8Ktd”",1
"http://t.co/cB5F5mjtrn",3
"http://t.co/cBAUMDByFe",1
"http://t.co/cBDe8Ru9K8",1
"http://t.co/CBM2W0p8tL",1
"http://t.co/CC3HhlWJSq",1
"http://t.co/cc5PJ6iq0G",4
"http://t.co/cCcnBTvDQB",3
"http://t.co/ccHc0iJ87b",1
"http://t.co/CCMHIaHjMm”",1
"http://t.co/CcPdNXLCEa”",1
"http://t.co/CcYX7lvE7Q",1
"http://t.co/cd02GAEkiv”TERRORISTS",1
"http://t.co/cD2e4yqPPw",1
"http://t.co/CDdYFep7G3""",1
"http://t.co/cDl12OxQ80",1
"http://t.co/cdSkUTMPH5",2
"http://t.co/CE…",16
"http://t.co/ceaC3TpOVi",1
"http://t.co/CeDtRFfPfj”",1
"http://t.co/ceUpcjYz7w""",1
"http://t.co/cevTKZeLbl”",1
"http://t.co/ceYZv0zPdG""",1
"http://t.co/CFy7Egz3Rm”",1
"http://t.co/CGEKkkMjA6”",1
"http://t.co/CgTIJQUJIz",2
"http://t.co/cgXM593OB5”",2
"http://t.co/CGzKCY88I6”",1
"http://t.co/ChtRERClf2",1
"http://t.co/ci7THjsmDZ",1
"http://t.co/Cihi1aHKE4""",1
"http://t.co/CJ1sVjWgEf""",1
"http://t.co/CJgbKux4aE",1
"http://t.co/CjGc7meoQY""",1
"http://t.co/CjSEPuhRXl",2
"http://t.co/CjU9Lp9GaT”",2
"http://t.co/CKDtQbzfCb",1
"http://t.co/cKF44qcIkp”",2
"http://t.co/Ckpm7ULqv7”",1
"http://t.co/CKZvmeLsx6",82
"http://t.co/Cl6sa2UtgM",1
"http://t.co/cldQhDmM1B”",2
"http://t.co/clJ8OYuYVV”",1
"http://t.co/ClmcLRUKnz”",1
"http://t.co/ClxPb718Ww",1
"http://t.co/cm4yw0gh38",2
"http://t.co/CMKUE0oIZk",1
"http://t.co/CMMOImxC5u",1
"http://t.co/CmSSlrXHWZ",1
"http://t.co/CmSXHhnCl8",1
"http://t.co/CMy1NvnnbL",1
"http://t.co/cNbzU5fLTc",1
"http://t.co/cNiCNskNVX",1
"http://t.co/cNRunPCb5Q",2
"http://t.co/cNVioU1rrj",1
"http://t.co/coa96sgt7D",1
"http://t.co/Cocs4AeMJ1",1
"http://t.co/CoELKuvUO4",12
"http://t.co/COrQyNhNKO",1
"http://t.co/cOWSo1bNGr",1
"http://t.co/cpAzUksbvs",1
"http://t.co/cPdU0GTmT1”",1
"http://t.co/cPFqZCOrSI”",2
"http://t.co/cphQNGnG7W",1
"http://t.co/CpJpxARqzm",1
"http://t.co/CQewrU9dy2",4
"http://t.co/cqohpVuYr6",1
"http://t.co/cr1zxFKK3E",1
"http://t.co/CRbGgFdJBm",1
"http://t.co/cRgV1Sv50j",1
"http://t.co/cRrLYRMNLw""",2
"http://t.co/crZvfYIxrT",1
"http://t.co/CS00SPVew8",55
"http://t.co/CS4zTCOsIo",1
"http://t.co/cS6xJDV7O1",1
"http://t.co/cSAfFbimB8",1
"http://t.co/cSCj5F88g6",1
"http://t.co/csn6PnE2Pn",1
"http://t.co/cSsVOxJku9",1
"http://t.co/CsuAIVbkPr",5
"http://t.co/csxn4vHCpD",1
"http://t.co/ctdYFCFIKF”",1
"http://t.co/cTYulo0Dlx",1
"http://t.co/CuI8kJFJQ5",1
"http://t.co/cUn5yHFDEN",1
"http://t.co/cv9NpYwUy3”",1
"http://t.co/CvAiNXi",54
"http://t.co/CvCZ9IG98I",1
"http://t.co/CW0PVpKujX""",1
"http://t.co/cWCb4sN7Hb",1
"http://t.co/cwxPsyWD0b""|Oh",23
"http://t.co/cX3AudH1kR",1
"http://t.co/Cy753KZUJT”",1
"http://t.co/cYCPLdRfwa",3
"http://t.co/CyO5rqqrqI",1
"http://t.co/Cyq8p3buCj”",1
"http://t.co/CZmHPsM6y9",1
"http://t.co/cZp8YSiuiT",1
"http://t.co/D0B1i4VSqL",1
"http://t.co/D0GtbhoVIO",1
"http://t.co/d1jN823xGY",1
"http://t.co/d1rRtdWuPR",1
"http://t.co/d2wzF45Kxi",1
"http://t.co/D4cosvchI9”",1
"http://t.co/D7BjzW13eL",1
"http://t.co/D7Dm5m7qWp""suspect",1
"http://t.co/d7IGYlu30b",1
"http://t.co/d7vvyMye2f",1
"http://t.co/D8rHnOHkEc",1
"http://t.co/D90VWI1IO3",2
"http://t.co/da0xKIkrQT”",1
"http://t.co/Da4k7B85Qq”",1
"http://t.co/dabileUOlB"".yeah..he's",1
"http://t.co/Dav7pf7XrJ",1
"http://t.co/Db8mSx5BlI",1
"http://t.co/dbagSd3eQ7",1
"http://t.co/dbc3cJcpcb",1
"http://t.co/DBDl3qFYPc",9
"http://t.co/Dbg…",11
"http://t.co/DbgrkGIsY5",1
"http://t.co/DBS141ozCC",1
"http://t.co/DbYL8Y3yM8”",1
"http://t.co/dc7BLKJwDs",1
"http://t.co/DCJ0sTGyVV",1
"http://t.co/dCt9erWZIv",1
"http://t.co/DCWz8npCv5”",2
"http://t.co/ddI9YyNVrZ",1
"http://t.co/ddXy29t3C1",1
"http://t.co/DEA5DXLo9Z""",1
"http://t.co/DedFdqh0Cl",1
"http://t.co/dEhGVoxicI""",1
"http://t.co/deTRiyTbQz",1
"http://t.co/DEw9Fvlyzy",1
"http://t.co/df6GhlvwNS”",1
"http://t.co/DfoKxUszk4",177
"http://t.co/DgPPoWIJTE",2
"http://t.co/dGR2cQcuJZ",2
"http://t.co/dgxiWHip1g",1
"http://t.co/dh6XDC3kEQ""",1
"http://t.co/dHD5VEPmLn",1
"http://t.co/DhRiQsdu61",43
"http://t.co/DhSalyzfFg”",1
"http://t.co/dhtaOGEatt”",4
"http://t.co/dHwukEpdkq",1
"http://t.co/DiI36Ycl6p",1
"http://t.co/dISKvNkFxW",1
"http://t.co/Ditf…",41
"http://t.co/DitfBnKRjF""”",2
"http://t.co/DIxhJ6cuGz”",1
"http://t.co/DJjqHeoGuL",1
"http://t.co/DJRNhVcQ9k””",1
"http://t.co/DK1j2SWDp1",1
"http://t.co/dKIcccqQY5""",1
"http://t.co/dKO6WG6aEG",1
"http://t.co/dKW5A1dKO8",1
"http://t.co/Dlbb47zwjw",3
"http://t.co/dmcmj8wWTn",1
"http://t.co/DmefQ4WqZE",1
"http://t.co/dmezsfOP",18
"http://t.co/DMgKVolsaw",1
"http://t.co/dMKhC2Oo1o",1
"http://t.co/DmLoqocE3O",2
"http://t.co/dMQyZ9CBiP",1
"http://t.co/dNAoIF2t6e",1
"http://t.co/dnoGDd3Z75”",1
"http://t.co/dnYYuq4zOs",1
"http://t.co/doj6REFkvc",1
"http://t.co/DoQktn33Pk",1
"http://t.co/dOW0FSpWRm”",1
"http://t.co/dP605lKBKf”",1
"http://t.co/dpFuz0K8rY",1
"http://t.co/DqjWEOOQ",16
"http://t.co/dQNuh2Wexe",1
"http://t.co/DqSA7KWIbk",1
"http://t.co/dQsG6pzJwz",1
"http://t.co/DQU…",2
"http://t.co/DQU0CsxKZZ",1
"http://t.co/DRaQIuPvRE",1
"http://t.co/dSdd7imjpu",1
"http://t.co/Dt9ErM7ecg",1
"http://t.co/dTCflBOH1v",1
"http://t.co/DTLSsYeaNa",1
"http://t.co/dVjgBOmkrn",1
"http://t.co/DW46Rfus7m""",1
"http://t.co/DWAfcYZrs1",37
"http://t.co/dwCZj3dldF”",1
"http://t.co/dWmZnI7TCT",1
"http://t.co/DwPYCWlonT”",2
"http://t.co/dXuzlheAm7",19
"http://t.co/dYXRxMmGWu”",1
"http://t.co/dZmxP3maSW",13
"http://t.co/e…",2
"http://t.co/E1cZNJ9nc2”",1
"http://t.co/e24sSJVNGD",6
"http://t.co/E5gxCes3Bp",1
"http://t.co/E63IFIAZ9h”",1
"http://t.co/e6806BcSlW",1
"http://t.co/e7vstRW2wW",1
"http://t.co/E8fnDWiEgE",1
"http://t.co/e8tNEFE2m7",1
"http://t.co/E9k6GtQo6y",1
"http://t.co/E9Y7n1boEO",3
"http://t.co/Ea4xDQ9aXx",1
"http://t.co/eA7YwWjvKH",1
"http://t.co/EAnPnK1iwm",2
"http://t.co/eaSUERHbqy”",1
"http://t.co/EAViwvdp6L”",1
"http://t.co/Eaz2caQlIr""",2
"http://t.co/eBaMvXdkiY”",1
"http://t.co/ebBvq86gqk",1
"http://t.co/ebQUVDlLsU”",1
"http://t.co/eBrVYXLo3C",1
"http://t.co/ECBd9pP2DM",3
"http://t.co/eCCeLToDmQ”",2
"http://t.co/Ech1aBwhYl”",1
"http://t.co/EcIJBMgLKc”",1
"http://t.co/ecMJApHxcC”",1
"http://t.co/EcwnA62nTj",1
"http://t.co/eCZeosMwV5",1
"http://t.co/ED4ku4LA…",2
"http://t.co/ED4ku4LAFQ",1
"http://t.co/ed5YewbKG8",1
"http://t.co/eDDem3aqZ9""",1
"http://t.co/edoP64peTw",1
"http://t.co/edPqQX8h2M""",1
"http://t.co/eDSra04Zle",1
"http://t.co/EDuXP8Ioga",1
"http://t.co/EE4KE625gP""",2
"http://t.co/eeqxKZjNlZ",1
"http://t.co/Ef7dMzeyzN""",1
"http://t.co/eFhc79iDoa”",36
"http://t.co/EGHwrQDhk3",1
"http://t.co/EGPZNnEDIz",1
"http://t.co/EGZzNcWJXy",1
"http://t.co/EH8yuQHhVX",1
"http://t.co/eHUguuRuME",1
"http://t.co/EHxqzuCCJt",2
"http://t.co/eHYQK3AAG1""",1
"http://t.co/EIfzLMCuDP",1
"http://t.co/eiMLY6a4PX”",1
"http://t.co/EizGVIReZ3",1
"http://t.co/eiZkgqDcV7",1
"http://t.co/eJ2f21HQFY",2
"http://t.co/eJdadFkrmR",2
"http://t.co/ek8HHywoLz""",2
"http://t.co/EkMIWIJPeT",1
"http://t.co/EkwOi58bkV",1
"http://t.co/EL6Yddsjm1)",1
"http://t.co/EL8HUoGhjW",1
"http://t.co/el8QyK2gOz""",1
"http://t.co/ElaKC3pw3J",1
"http://t.co/ElAvq9tIsw",2
"http://t.co/elEsIWLLgD",1
"http://t.co/ELITPxWWsX",1
"http://t.co/ELJUxz1pSD",1
"http://t.co/ELNxpPeQ26”",1
"http://t.co/Em1BqNh3FS",1
"http://t.co/emfxIAzu5q”",1
"http://t.co/eMihnfH126",1
"http://t.co/EmO4LbFsUe”",2
"http://t.co/EmS58I3WeS”",2
"http://t.co/EmuLWv5r5k",1
"http://t.co/eNCQRuEEUz",3
"http://t.co/ENkC9WgfFr",2
"http://t.co/enxrOrqRLk",1
"http://t.co/eoIDIDLa6P",44
"http://t.co/EOjnL0MHzC",1
"http://t.co/EoqEom7MJz”",1
"http://t.co/eos0lFqrNi",2
"http://t.co/ePbmqEVm8T""RT",1
"http://t.co/EPRMf16Zuf",1
"http://t.co/eqLDGvDtua”",1
"http://t.co/EQLo81D8nZ",1
"http://t.co/EqMJBpJWuq",1
"http://t.co/EqoD3eQvIG",1
"http://t.co/EqutJGzBDv",1
"http://t.co/EQwyq5yslw",1
"http://t.co/eRjPLuwW3M",1
"http://t.co/ErR8EvgU3P",1
"http://t.co/ers9GfZguY",3
"http://t.co/erwRjAt9UF",1
"http://t.co/ESaN10DhMY”",1
"http://t.co/ESRUrCbTjM",1
"http://t.co/eSYoTRSuYZ",2
"http://t.co/eThWLE3oBs""",2
"http://t.co/eub…",1
"http://t.co/eubUu1ZMr1",1
"http://t.co/EuiLm5CS4p",1
"http://t.co/euQG…",19
"http://t.co/EuULttxa2T",1
"http://t.co/EV811AIuJR",1
"http://t.co/evDQDURXAY",1
"http://t.co/EvnC7iTDlE",1
"http://t.co/evTETu5yM6",15
"http://t.co/evUjxLM8IM""",1
"http://t.co/eVvHbal281",1
"http://t.co/eVXuSbClPh",1
"http://t.co/eWqfnQfXiJ",1
"http://t.co/EwwapHNyNm",1
"http://t.co/eXSHFcpexG",1
"http://t.co/EXuHxA5TYc",1
"http://t.co/Ez7AWsxZ2a",1
"http://t.co/ez7f11zepH",1
"http://t.co/ezDUAJh7ms",1
"http://t.co/ezE4DD8e8v”",1
"http://t.co/EzIqHjxd09”",1
"http://t.co/EzydwZr1sB",1
"http://t.co/f…",5
"http://t.co/f03t4yZnKH",1
"http://t.co/F0bD2WrB3v”",1
"http://t.co/F27Qf6FL5g”",1
"http://t.co/F2pUFguerV",1
"http://t.co/f39PNXhcRD""",1
"http://t.co/f55B6aZ31v",1
"http://t.co/F5HBec6vHr…",1
"http://t.co/f661RsoVXl””",1
"http://t.co/f6iHGkAGM6""",1
"http://t.co/F6YRP3h5hq",1
"http://t.co/F7qd19U32G",1
"http://t.co/f9UgPzQhNs",1
"http://t.co/fA8b0gx5uK",6
"http://t.co/FAChQgeqoq",1
"http://t.co/FAUlNBFPlP",1
"http://t.co/fbgXhLaQYT",1
"http://t.co/FbxzcMKvto”",1
"http://t.co/FCfhOQ6vsW”",1
"http://t.co/FcgcG7l2fC”",1
"http://t.co/fcMvmXWnUp",1
"http://t.co/FDTm910Lvn",1
"http://t.co/FezNoyqq96""",1
"http://t.co/fFfC5w4RpR",1
"http://t.co/fFldERL7eR",1
"http://t.co/FfYqVOiA9i""",1
"http://t.co/fgX18Iq9wk",1
"http://t.co/Fhc54SRujQ",1
"http://t.co/FhJgchUqCJ",102
"http://t.co/FHjH4sf0Cp",2
"http://t.co/fhLbA27XTC",4
"http://t.co/fhwNvXRoyJ",1
"http://t.co/Fi4WdjSez7",1
"http://t.co/FI8dSKSu6A""",1
"http://t.co/fiiYlGpNEZ",1
"http://t.co/fiPhDkISSK""this",1
"http://t.co/fJpIIGxnVs",1
"http://t.co/fjUbPuaiHT""",1
"http://t.co/fjuqKCg066",1
"http://t.co/fkcVVKyIAu",1
"http://t.co/fkmM5MqoTr""",1
"http://t.co/FKROXsE5Js",2
"http://t.co/FL54oBkSvM",1
"http://t.co/flJYqcSZGh",1
"http://t.co/flsZTr8oQ5",1
"http://t.co/FLUQ0yOgfF",1
"http://t.co/fM…",4
"http://t.co/FM97ivUILi",1
"http://t.co/fmBtmD09mX",1
"http://t.co/fMEJJAxUOQ",1
"http://t.co/fmSHrinPiz",1
"http://t.co/FMTXSyqnqT",1
"http://t.co/FN7FZeJh3w",1
"http://t.co/FOVCbYf2SU”",1
"http://t.co/FoyhtM3Nko",1
"http://t.co/fpk24k4jrs”",1
"http://t.co/FPMTp5BltK”THIS",1
"http://t.co/fprB3I25fz",1
"http://t.co/fPSNkGWIge",1
"http://t.co/fPvcgdKco7”",1
"http://t.co/fpyg2ad0Xp",1
"http://t.co/fQ12pOn6GN",1
"http://t.co/FrJnwoJWD6",1
"http://t.co/FRpJEVIKO1",1
"http://t.co/FrykeLcgq8",1
"http://t.co/FsCBXtEsXy”",1
"http://t.co/FSfA3NyYTI",1
"http://t.co/FSTlcKUctD",1
"http://t.co/FSVShveHFw",2
"http://t.co/FSy96BnsKd”",1
"http://t.co/FTPGnEU4rh",1
"http://t.co/FuFzMJURbO",1
"http://t.co/futDCayndv",1
"http://t.co/FvJipduGRI",1
"http://t.co/fVoRNj4EIp",1
"http://t.co/FVw3D3DfqI",1
"http://t.co/FVYhUFwDw6""",2
"http://t.co/fWbNuO1CLQ",1
"http://t.co/fweHV7jk3v",5
"http://t.co/fXnDR97B9e",1
"http://t.co/FxS0ESehyw",2
"http://t.co/fxxHDr1Vzx""",1
"http://t.co/FY3XKTXyy0",1
"http://t.co/Fy6kWQOEl1”",2
"http://t.co/fYfw3Wk8yW",1
"http://t.co/FygrWl56q4",1
"http://t.co/FYK3emzcea",1
"http://t.co/fyrFhDUMkn",1
"http://t.co/FYZSuGQ7R8”",1
"http://t.co/FYZSuGQ7R8””",2
"http://t.co/fzgHEw20YL",1
"http://t.co/g0p5TNkWQe",1
"http://t.co/G0XCwWQThg",4
"http://t.co/G3P30uThZ4",1
"http://t.co/G3tEFA419G",1
"http://t.co/G5bnzvksmo",1
"http://t.co/g6tmtoDXCf",1
"http://t.co/g7aJBfH3zp",4
"http://t.co/G7BIYfw485",1
"http://t.co/G7G9XLnVY4",1
"http://t.co/g8nD6r1aEd",1
"http://t.co/G8vkVDh5bH”they",2
"http://t.co/g94bkd2gFI""",2
"http://t.co/gap07a3G49",1
"http://t.co/GAQxFbb9ni",4
"http://t.co/gaUvOUTEaQ",1
"http://t.co/gaw6ImFLq3",1
"http://t.co/gAYLUtIQVb",1
"http://t.co/gbd5l1qlbO",1
"http://t.co/gbGVE4YnvC",1
"http://t.co/gbku7L2c7c",1
"http://t.co/Gbu7532p3j",1
"http://t.co/gbWy3zGoEP""",1
"http://t.co/GC9Eh3mleu",1
"http://t.co/GCeWYkZRPR",2
"http://t.co/GcII1xV1pz",1
"http://t.co/GcINUibAUn",2
"http://t.co/gckAWnzPYC",1
"http://t.co/gCPn75eATW””",1
"http://t.co/GdPWLsbwF0""",1
"http://t.co/gduLCATN2N",1
"http://t.co/Ge2PZng0Rq",1
"http://t.co/ge6rpePayu",1
"http://t.co/GEHSD5jq",1
"http://t.co/gEoP29VW1h",1
"http://t.co/GePaZAGHWV",1
"http://t.co/GewUfLG72w",1
"http://t.co/GFARJ3GH6V",1
"http://t.co/gFhEVzzg0m”",3
"http://t.co/gFQoFwE4ve",1
"http://t.co/GGdJm7Vcl8",1
"http://t.co/gGTxE1ZgCz",1
"http://t.co/ggv2zGJJUU",1
"http://t.co/gHiiVmNL4F",10
"http://t.co/gHNUdZXyup",1
"http://t.co/ghQdgqwDVI",1
"http://t.co/gHVD9nNNhf",1
"http://t.co/GhWIKU9mSp",3
"http://t.co/gi40b8rb9k",1
"http://t.co/gI9a0SC8dO""boston",1
"http://t.co/gIbslkqDLA",1
"http://t.co/gikKkulBPK",1
"http://t.co/GIwGWEniHg”that",1
"http://t.co/GJ0m…",1
"http://t.co/gJhaBMjHh0",1
"http://t.co/gJnvtv4mFd""",1
"http://t.co/GJzxoKwPgt""",1
"http://t.co/gK3cdCmnJf",21
"http://t.co/gKFygDWrRb”",2
"http://t.co/gkjgVoRooc",1
"http://t.co/GKlg69qvXN",1
"http://t.co/GkUsYAIuWj",1
"http://t.co/gkVapg90Hu”",1
"http://t.co/glB7PYyKMq",1
"http://t.co/GlCr4vPORh""",1
"http://t.co/GlqkXCqYEw",1
"http://t.co/gLxDeO1c6L",1
"http://t.co/GMKWqxhfj1",1
"http://t.co/gmqbw7uxyS",1
"http://t.co/gmUU780UrW",1
"http://t.co/gNAQN8UkjE",1
"http://t.co/gng4EDVwQv",2
"http://t.co/GnZ3zqHqfH",1
"http://t.co/go8HqOcTrm",1
"http://t.co/GocpslfZ2o",1
"http://t.co/gotrvAYR0M”",2
"http://t.co/gpjsJIfERn",1
"http://t.co/gpNF…",3
"http://t.co/gpNF5cavLO",1
"http://t.co/GPO93DBcJ9",1
"http://t.co/GQ3lCKSOaG",1
"http://t.co/Gq7q8jUoNc",1
"http://t.co/Gqh51BX8Nx",1
"http://t.co/GrI2GVNtmH",3
"http://t.co/grINxsqnD4",1
"http://t.co/gRkIifSS2g",2
"http://t.co/GrWV3C1LU8",1
"http://t.co/grX7dnVJam",1
"http://t.co/GryRlF7Vmf",1
"http://t.co/GsAWVReU8m”",1
"http://t.co/gSf6M6ppwF",1
"http://t.co/gsl8TB1Tcx",1
"http://t.co/GTdToJGrrA",1
"http://t.co/gtiDcwHYxP",1
"http://t.co/GtRsQBNDnL""",1
"http://t.co/GTSRqABc96",1
"http://t.co/GtUbn8xecJ",1
"http://t.co/gtX…",165
"http://t.co/gtXMaq1Aqo",1
"http://t.co/gU5y5UObcg",1
"http://t.co/guVO7JPDno",1
"http://t.co/gv0vTSDyvf",1
"http://t.co/Gvbmaqeatf",1
"http://t.co/gvg1BQA4yv",1
"http://t.co/GvRtDeb…",118
"http://t.co/GvRtDebrdv",1
"http://t.co/gWCVcE61Df",1
"http://t.co/gwrSjWL2cY”",1
"http://t.co/GwTI05ZLnm",1
"http://t.co/GWwE41EBzR",1
"http://t.co/Gy7wizOd23",1
"http://t.co/GZ4H8zfr",15
"http://t.co/Gz7cizc1tc",1
"http://t.co/GZ7Lh4jIJL”",1
"http://t.co/Gz8esIPxg4",1
"http://t.co/gZNmRXKPsu",1
"http://t.co/Gzz5Cc5dQM",1
"http://t.co/h00MnOhiOc",1
"http://t.co/h0mquEw5xa",1
"http://t.co/H0VBBVNlPf",1
"http://t.co/H3cXS4DElT",1
"http://t.co/h3WCg6QtAv",1
"http://t.co/h4vFqB8Yzh",1
"http://t.co/h5OjPEaYCP",1
"http://t.co/h6GeUD0hqv",1
"http://t.co/h6p2prSlRK”someone",2
"http://t.co/H7qvhQMpi7",1
"http://t.co/h8ggNd7HoZ",1
"http://t.co/H8XSZVOTGK",1
"http://t.co/Had7XVliUE”""",1
"http://t.co/hAWHJHGuB6",1
"http://t.co/Hb50z7ppui”",1
"http://t.co/hbDQI1Zp60",8
"http://t.co/hcdFz5OAHh",1
"http://t.co/HCDOfnyDVm",1
"http://t.co/HCHqNC3Nqu",1
"http://t.co/HCIIpffx3C",1
"http://t.co/HCy5YpRKpL”",1
"http://t.co/hd87yUeGen",1
"http://t.co/hdxAd1CpSr",1
"http://t.co/HdZnwyL1g5",1
"http://t.co/HeakCBHyU9”",1
"http://t.co/HEvPBQ2WeY""",1
"http://t.co/HEXVKXuAI7",1
"http://t.co/HeYHpj9eX8",1
"http://t.co/hEysBqXz5d",2
"http://t.co/HfDIFgbGEN",1
"http://t.co/HfhZJwjVAp",1
"http://t.co/HfSRjxZr1Z",1
"http://t.co/HFXsNiWFIJ""",1
"http://t.co/Hg6tIZg6bt",12
"http://t.co/hGI2mPZGED",1
"http://t.co/hgTI9Rtj7T",1
"http://t.co/HgZQptXUr4""",1
"http://t.co/HH5KKxf9dp",1
"http://t.co/HHF8OhLIaL",1
"http://t.co/HHGUBMcNwo",1
"http://t.co/HhLPjsB88C",1
"http://t.co/hIDJFZma08""",1
"http://t.co/Hii0O2R2xq",1
"http://t.co/hIWzkDiBkK",2
"http://t.co/HIzNz96AM1",3
"http://t.co/HJgP…",2
"http://t.co/HJMSWNljnc",1
"http://t.co/HJVhJ6kv52””",1
"http://t.co/HjYbufdbCh",19
"http://t.co/HjYR2mLAHJ",1
"http://t.co/HkReIQ3lw5",1
"http://t.co/hkRVgoByF0",1
"http://t.co/hL0uTBiUAq",1
"http://t.co/Hl5EF…",1
"http://t.co/Hl5EFH444C",1
"http://t.co/hl9aEWNM…",2
"http://t.co/HlCPJLF7Ub",1
"http://t.co/hlmKn9U…",1
"http://t.co/hlmKn9U5F4",1
"http://t.co/HLzpzYP0",130
"http://t.co/hm4UfQkBgg”",1
"http://t.co/HMGHw9KrAt",1
"http://t.co/hmSL5fz4nh",1
"http://t.co/HN53JtnS6O""",2
"http://t.co/HN6lmkSxsG",1
"http://t.co/HNbSfZGyqm”",1
"http://t.co/HnjxfFIslh""",1
"http://t.co/hNmxjsxjEx",4
"http://t.co/HOIALY5L7V",1
"http://t.co/HOjab9cgOK”",1
"http://t.co/hPCLKlrrpr",2
"http://t.co/HPcV4doLiB",2
"http://t.co/hpKeB9ne7n",1
"http://t.co/hpokvF8Zcx",1
"http://t.co/HqA56cSZ97",2
"http://t.co/HQAWxskuZL",1
"http://t.co/hqTMUuINSc",2
"http://t.co/hr6AUz8fpU",1
"http://t.co/HRCrZwQ5H1",1
"http://t.co/HroCyYR5oJ""",1
"http://t.co/hrQGcx5g2p”",1
"http://t.co/hS7wDcSSxE",1
"http://t.co/HT4slowHdm",1
"http://t.co/hTIpT2yXpI",1
"http://t.co/HTO4ZiYtp1”—**See,",1
"http://t.co/HuemENgbZn",1
"http://t.co/hVJbl88kHY",1
"http://t.co/hvrIkBz2Au",1
"http://t.co/hvuLBgui0D",1
"http://t.co/hWihpUved8",1
"http://t.co/hWLXo3CYDQ",1
"http://t.co/HwSWZigcfu",1
"http://t.co/hwVKwoZKre""",1
"http://t.co/hwXSLLF1O0",1
"http://t.co/HXEok0YuAd",1
"http://t.co/HXho8yA0h2",1
"http://t.co/hxM8124SqR",1
"http://t.co/hxmdpGDf6L",1
"http://t.co/hXMHWxhD15""",1
"http://t.co/HymBXht6HO",1
"http://t.co/hYO0qAiCAq”",1
"http://t.co/Hz6Dxra8SO”",1
"http://t.co/HZ9Hh88aHS""",2
"http://t.co/HZcEhavWw6",1
"http://t.co/HzjdA3rMQv”""",1
"http://t.co/hZpEvckZHB",1
"http://t.co/hzxhzNEXNU""",2
"http://t.co/HzXNhUio89",3
"http://t.co/I05XBKBXBa",1
"http://t.co/i1fihFxjJt",1
"http://t.co/I1vG3mc470",1
"http://t.co/i2d1jqRJvM",1
"http://t.co/i2dot…",34
"http://t.co/I3eGUaHrlZ”",1
"http://t.co/i45IuJ4S8x”",1
"http://t.co/i4yvLclUf8",1
"http://t.co/I50Dj6NX98",1
"http://t.co/I5aea9JVH8",1
"http://t.co/I5fJ1doH0H",1
"http://t.co/i6AuMDylhF",1
"http://t.co/i6oamexYMA”",1
"http://t.co/i9cjNEQWLD",1
"http://t.co/I9CX1ngq9s",1
"http://t.co/Ia3zxnIKxU”://",1
"http://t.co/iAepOBRHML",25
"http://t.co/IbCZ8RATHH",1
"http://t.co/IbDqEa5aHY",1
"http://t.co/ibDRnFda6v",2
"http://t.co/ibKdhKxNEG",1
"http://t.co/IbKQlxWBYc",1
"http://t.co/IBX3kdHokI",1
"http://t.co/icKAWnRtkf",1
"http://t.co/iCMSZqRxW0",1
"http://t.co/idnKspDJ6c",1
"http://t.co/iDR1iceVco",127
"http://t.co/iEtrTLrB",252
"http://t.co/iEWJkSaQiW",2
"http://t.co/ifF6i1HpW3",2
"http://t.co/IfqFya8oIh”",1
"http://t.co/ifVLM8QWhD",2
"http://t.co/IG4jXIxz0M",2
"http://t.co/IGOBiBK8wT",1
"http://t.co/igvAguZ4c1",1
"http://t.co/ihkMSOWCDh”",1
"http://t.co/IhQfsHgBo3",2
"http://t.co/IhqPl9D51f""”",1
"http://t.co/iHxk9tjNKH",52
"http://t.co/iI1AKcpsDy”",1
"http://t.co/IijPPrnntE""",1
"http://t.co/IINzHbp8Jt""",1
"http://t.co/il2afWqu3X",1
"http://t.co/IltOsF95EF",4
"http://t.co/IMMQk5ZYQn",2
"http://t.co/IN2CYKJMWg",1
"http://t.co/in443cfdUX",1
"http://t.co/INN4RunmKl",1
"http://t.co/io3cZR2xyk""",1
"http://t.co/IoCYQfjmAi”",1
"http://t.co/IOtD7scnOs",1
"http://t.co/iPAfoh1AFC",1
"http://t.co/IPaTgHZX9U",2
"http://t.co/IpCRh8fDPE",1
"http://t.co/ipMGPZe6qX",2
"http://t.co/IpnmFO3EF4",1
"http://t.co/IQ5weMt2Pk",1
"http://t.co/iQO5RoE69Z",1
"http://t.co/IQqiWQR5IT",1
"http://t.co/IQrrm9XenZ",1
"http://t.co/IqzSfKYHxm”",1
"http://t.co/IScn3MTAZs",1
"http://t.co/IsM6h0n5fF”",1
"http://t.co/iTEPKEmo1n",3
"http://t.co/IthuweBTK7",1
"http://t.co/ITo01mEkuf",1
"http://t.co/ITq3Qi1Og3",1
"http://t.co/IU8BVWj9XL",1
"http://t.co/Iv5mUX11xv",2
"http://t.co/iVLanXOHIq",2
"http://t.co/Iw9yzx3p9o/",10
"http://t.co/IWFhl1gUy2",1
"http://t.co/iwfOaG…",2
"http://t.co/IWI9tXV2Bz",1
"http://t.co/IwlV1s5VK4",1
"http://t.co/iwYivIOuRg",1
"http://t.co/ix4tDVHvU0",1
"http://t.co/iXctX5jA5j",1
"http://t.co/iXoySX149i",1
"http://t.co/IY9Q31C3nn",1
"http://t.co/iyQ4FoX45V",1
"http://t.co/izAUhAAk99""",1
"http://t.co/iZJtNaOHUu",1
"http://t.co/j03l5FT5x2",1
"http://t.co/J0CotYBTsS",1
"http://t.co/j0fdrgSrju",1
"http://t.co/j1U2RPbUGk”",1
"http://t.co/J20NHcUATs”",1
"http://t.co/j220Tw3Y5z",1
"http://t.co/J2BJKpX14C”",1
"http://t.co/J3wBb975PB",1
"http://t.co/j4hxcwJ8Uc",4
"http://t.co/J4Kio7PZ3J",2
"http://t.co/J4NyWBwYa2”",1
"http://t.co/j6cFYdmUh6",1
"http://t.co/j6f5Mariri",1
"http://t.co/j6hHSZi7eC""",1
"http://t.co/J7az9WitBQ”",1
"http://t.co/J8aERwH5nq""هاهاها",2
"http://t.co/j8SZbSag5r",1
"http://t.co/J9sqBmXBmP""",1
"http://t.co/ja…",2
"http://t.co/JA7NB81WUT",111
"http://t.co/jaKnkEL2gN",1
"http://t.co/jB2Gw0IrpY",1
"http://t.co/JB8j6ptMt3",1
"http://t.co/JBHOg9PM0u”",1
"http://t.co/jBnCMXyshl""",1
"http://t.co/jBnWiHAH0K",1
"http://t.co/jBpPOy7n79",1
"http://t.co/JBt6zxKrnW",1
"http://t.co/jC4So7VAGC",1
"http://t.co/jCdKPgALzZ",1
"http://t.co/jcIHgYZLzt",1
"http://t.co/JcRrLOuYKH",1
"http://t.co/JCs49vrFX6",1
"http://t.co/jDEi2nLB7y""",1
"http://t.co/jDrEAhnMO7""",1
"http://t.co/jdxIlqn3JA",1
"http://t.co/JE0U7YJhBg",42
"http://t.co/JE2fSKA1cT",1
"http://t.co/jEtMSmkilD",1
"http://t.co/Jf7gL8uO06",1
"http://t.co/JF9kf3K3Lm",1
"http://t.co/JfImtN1fYu",1
"http://t.co/jFmEf8vqhx""",2
"http://t.co/jfnEfuVFrF",1
"http://t.co/JfrFp3x7ft",1
"http://t.co/JFzi54HFdL",1
"http://t.co/jg…",2
"http://t.co/JG1sfdwE84",2
"http://t.co/JgsF3T5UAJ",1
"http://t.co/JHpQZjjMbg”",2
"http://t.co/JhZDwBHa9p",1
"http://t.co/jI7UvmZjpU",5
"http://t.co/jIaZs7k9fG",1
"http://t.co/JiBg",1
"http://t.co/JirldmLu1z",1
"http://t.co/JJKK8o48mB",1
"http://t.co/jjtlDLIG7H”",1
"http://t.co/JJwPwSWEsW",1
"http://t.co/jjXfsff1Nw",1
"http://t.co/jK7J3QD35L”",2
"http://t.co/Jl4dayTrK9",1
"http://t.co/JLNe3xVDb8",5
"http://t.co/Jm1dIiTfBE",1
"http://t.co/jm1tRIkP7x""",1
"http://t.co/JMfMpKuIWv""",1
"http://t.co/jMTIzWEuQP",1
"http://t.co/JnHcuhg7Iz",1
"http://t.co/jNKWKSaK12”",1
"http://t.co/JNOjz9ekH4",1
"http://t.co/jnULLb6mq5",1
"http://t.co/jO0DXcwF56",1
"http://t.co/jOApTfnDiA""",1
"http://t.co/jOHDJKPkRc",1
"http://t.co/JOIBWwZNpw",1
"http://t.co/jOkZkhOP6P",1
"http://t.co/JP08faX0Yl",1
"http://t.co/JpKiyjqLdw",1
"http://t.co/jplkTS9w3V""",1
"http://t.co/JPqcbk8j8Z”",2
"http://t.co/JQh5Es5rpM",2
"http://t.co/JqiiR9lFHN”",1
"http://t.co/jS61cOLcD9”",2
"http://t.co/jsJJu1LcCX”",2
"http://t.co/JSU50lZJ2A",1
"http://t.co/jtAnGzE4pQ",2
"http://t.co/jtGo2NK0yj”",2
"http://t.co/jtUKZecjn6",1
"http://t.co/ju1o9F3J3v",2
"http://t.co/JuAudmfzbe",27
"http://t.co/jUEAoZnY6e",1
"http://t.co/JUOVlBWYcj",1
"http://t.co/JvaMGikJbs”",3
"http://t.co/jWeDYCwJUj",1
"http://t.co/Jx4NcWipbC",1
"http://t.co/JX957ZTVBD",2
"http://t.co/jxblkVsBWw",2
"http://t.co/JxrJQdrEDX”",1
"http://t.co/jY2jVuYq3g""",1
"http://t.co/JyTiywxlwG",1
"http://t.co/jz0rjlgqql",1
"http://t.co/jZ2Vv96PMc",1
"http://t.co/jz5l19YTJU",1
"http://t.co/jzCJuumgoh",1
"http://t.co/jZcrbKK6J8",1
"http://t.co/jZcRgeDifU",1
"http://t.co/JzOTGOFuMi",1
"http://t.co/jztdvKB5Vx",1
"http://t.co/JZVvLGLkLU”",1
"http://t.co/k012d9js5I",1
"http://t.co/K0t80paOmm",1
"http://t.co/K15VdfjJcz",1
"http://t.co/K1frV29HZ3”",1
"http://t.co/K1uiuix0sA",1
"http://t.co/K1VbWrpPVe",1
"http://t.co/k2GWskbaAs",1
"http://t.co/k2KXSzt0Rh",1
"http://t.co/K4ERli3ky9",1
"http://t.co/K4NrcpUeCM",1
"http://t.co/k5OW3eoMKD",4
"http://t.co/k6FZs3d42h",1
"http://t.co/k6xXfyW6f7”",2
"http://t.co/k7pd0VwhF7”",1
"http://t.co/K8j1ujDuJT",1
"http://t.co/ka1aA1r7GB""....",2
"http://t.co/KA2Dny3PXU""""",1
"http://t.co/Ka4X1ppn",170
"http://t.co/KAFXlIi7hg”",1
"http://t.co/kaGKIhfN8F",1
"http://t.co/kANXLlbO7i",2
"http://t.co/KaZBFwVIFD",3
"http://t.co/kB07Qp02zD",1
"http://t.co/kbMTGRU0Km”",1
"http://t.co/kBNM586rqw""",1
"http://t.co/KbnrqiKAW1",1
"http://t.co/kd0Acm78X7”",1
"http://t.co/KD6ackEmpP",1
"http://t.co/kd7vV1e6Cf",1
"http://t.co/kDpZWOWO4q”",1
"http://t.co/KEbBA4NVZK”",1
"http://t.co/Kesz0FdpqG”",1
"http://t.co/KEx…",3
"http://t.co/KExxhjuHUz",1
"http://t.co/KFhHmufvrF",1
"http://t.co/KfuWqMWF9y",2
"http://t.co/kgbwB93eN8",1
"http://t.co/kGfdSU5xHZ",1
"http://t.co/kgIvqMnXWq”",1
"http://t.co/KGM7iNbPDJ",2
"http://t.co/kgoXUDyr6u”",1
"http://t.co/kGQaXFDJsz”",1
"http://t.co/KGQkfHPix9”mass",1
"http://t.co/KGWes2NOHB",1
"http://t.co/KHgXCvrPCC",1
"http://t.co/KHNP1bh1zm",1
"http://t.co/KhqVYS57wp",1
"http://t.co/kJTcnwN4Vx",1
"http://t.co/Kk82HH4H77",1
"http://t.co/KkJ066QVvF""",1
"http://t.co/KLhxpxHa1V”",1
"http://t.co/KLjU2IUo6d",1
"http://t.co/KlnniQjcvF””",1
"http://t.co/KLsWSlfeik”and",1
"http://t.co/klWNUx4DZF”",1
"http://t.co/KN8uokW9oT",1
"http://t.co/KNFoMgvIxp",1
"http://t.co/KnjeTbTmxq",1
"http://t.co/KoUuVi7gz9",1
"http://t.co/KP0AigssaJ”",1
"http://t.co/kpUi37RmWS",1
"http://t.co/Kq5qwcMXRP",1
"http://t.co/KqqXdw5ab0",2
"http://t.co/kQUmRi165Y",1
"http://t.co/KQWkTdbMcC",1
"http://t.co/KQwoJB53yH",1
"http://t.co/KQz7xWmoUa""""",1
"http://t.co/KRCt7lrk8Q”",1
"http://t.co/kRE8venmq2”",2
"http://t.co/kRlNopDRnB",1
"http://t.co/kRNtAwJu5A",1
"http://t.co/ks94N2jT5M",1
"http://t.co/KSVYMlTdiZ",1
"http://t.co/ktI4wIBdeW",1
"http://t.co/KtN1jvYpOU",1
"http://t.co/kTOVDSDUSv",1
"http://t.co/Ktp5UfC…",3
"http://t.co/Ktp5UfCSlR",1
"http://t.co/kTPNmWRRoG”",1
"http://t.co/KttD4B1SSJ”",1
"http://t.co/KtW5U2sBmC",1
"http://t.co/KUL26lBcBj”",1
"http://t.co/kUXTUpd2P0",1
"http://t.co/KV2oUjZ1A1",1
"http://t.co/kVD127RqYk”",1
"http://t.co/KvhWAUVU4T",1
"http://t.co/KWpVkVT8QD",1
"http://t.co/KwuuAcZxRo",1
"http://t.co/KXD24C2ZM7",1
"http://t.co/kxFa6s4wjA”",2
"http://t.co/KxKVBPmf34”",1
"http://t.co/KyPdrsukMC",1
"http://t.co/kyZefnSnnZ",1
"http://t.co/KZCXlbhjJs",1
"http://t.co/KZOPzdxxSk",2
"http://t.co/kzqkFtwmLj",1
"http://t.co/KZYPv4mPEC”",1
"http://t.co/L…",3
"http://t.co/l0G1xvoqBi",6
"http://t.co/l0HCVxqVQ6”",2
"http://t.co/L1lHCUzwBR",41
"http://t.co/l1N0n7pWsJ",1
"http://t.co/l3YYIaaIzw",2
"http://t.co/l4m6eBQa4d",1
"http://t.co/l5ElZrFfP7”",1
"http://t.co/L7oOm0geym”",2
"http://t.co/L802GEKyPE",1
"http://t.co/L89LmE0xET",1
"http://t.co/l8zMozjLFS”",1
"http://t.co/l97piOUMYM""",1
"http://t.co/l9c6tbigA4",1
"http://t.co/L9kRyVSqia",1
"http://t.co/L9SxzL6ndZ",1
"http://t.co/lafBDuTMfN",6
"http://t.co/lAtwYgJesX",1
"http://t.co/lcA3ft3pJV",1
"http://t.co/lCspbAzSlt",1
"http://t.co/LCxlbef6i6",1
"http://t.co/ldCQtdFzqI",1
"http://t.co/lDo5vRzWsG",1
"http://t.co/ldppmYq5V5",1
"http://t.co/LE7K8nHxEX",2
"http://t.co/lEHkFA…",2
"http://t.co/LeYEIIZ9c7.",1
"http://t.co/Lf1u4Ne1Yg",1
"http://t.co/lF9tw91Yjt",1
"http://t.co/LGxh9Vblvw",1
"http://t.co/Lh1iV0cYg0",1
"http://t.co/lHd1nH7H4c",1
"http://t.co/LHfGieSSsr",1
"http://t.co/LHKxzGAj3l”",1
"http://t.co/lhTapZE6US",1
"http://t.co/LHxpO6lb9S”",1
"http://t.co/LiAzajhLk5",1
"http://t.co/LIMHHixwww",1
"http://t.co/Lj55jmMH1Z",1
"http://t.co/lJA8nXYdq1",1
"http://t.co/Ljau1SSL7U",1
"http://t.co/ljk8YKhYiu""",1
"http://t.co/LKJfQ9o5vY",1
"http://t.co/LKJQrJAaVR",27
"http://t.co/Lkzszs0B02”",1
"http://t.co/lL0COvKMkw",1
"http://t.co/lliUIeBEtf",1
"http://t.co/llOcBI6E01",1
"http://t.co/lMa9XERzL9",1
"http://t.co/lMDRArQm6l",1
"http://t.co/LmLXqkwEPG",1
"http://t.co/ln3MxKDHSa",1
"http://t.co/lO63hd4Eqa”",1
"http://t.co/LODfQcHsZ1",1
"http://t.co/lOHIIU6SLe”",1
"http://t.co/lOHq58h8zP",1
"http://t.co/LoRjjxVyN0",1
"http://t.co/LP0fr9OyU3""",1
"http://t.co/Lp0TrgN1ym",1
"http://t.co/lP20mpVVxG",5
"http://t.co/lqcsbnWcl0",1
"http://t.co/Lql7XK1nHg",8
"http://t.co/LqnQvQ7l1V””",1
"http://t.co/lRBTSggjVb”",3
"http://t.co/LsBheEA3D4",1
"http://t.co/lsp4UT2bTF”",1
"http://t.co/LSrpROkZKs…",1
"http://t.co/LSrpROkZKs""",1
"http://t.co/LT585kSxsO",1
"http://t.co/LTFz2wTDs4",2
"http://t.co/ltn9ZZU3gg",1
"http://t.co/lu0gHEqasx",1
"http://t.co/lU6xj36m4W",1
"http://t.co/lUbvVRJxIL",66
"http://t.co/LUolMlTGDc",1
"http://t.co/LUoz4D6HDA”",1
"http://t.co/Lur69Ko0HC",5
"http://t.co/LuRYGOuZK2",1
"http://t.co/LvJWnBT1PR",1
"http://t.co/Lvk40VeY3F",1
"http://t.co/LVmW6NYNyE",1
"http://t.co/LWfxEhe5WQ",2
"http://t.co/Lwhwb9yceG",1
"http://t.co/LwsPbe1mu2”",1
"http://t.co/lWxADN76Ef",1
"http://t.co/lwYGsLKKdh",1
"http://t.co/LWYPlQwC2O”",1
"http://t.co/lxaCDNxISG",1
"http://t.co/lXCGIt7vAx”",1
"http://t.co/LxJZWsmMEQ",1
"http://t.co/lXNnuIIS3S”",1
"http://t.co/Lyf8ylKNqC",1
"http://t.co/lyt6S6vYee",33
"http://t.co/LzGUhQKvMe",1
"http://t.co/lzmKbBDXJo",1
"http://t.co/LZx9COMk3y",1
"http://t.co/M0CGqREJ6R",1
"http://t.co/m1m…",3
"http://t.co/M3JQVJKLVT""",2
"http://t.co/m3lODLwmmA”",1
"http://t.co/m3TnBwN1Vj""",1
"http://t.co/m48WenxYuw”",1
"http://t.co/M5qkGMvtzj",1
"http://t.co/m6Q40F5c8I",1
"http://t.co/m6QLe6PmvI",1
"http://t.co/m6UGpOzdd3",2
"http://t.co/M6Uw8nzFAD""",1
"http://t.co/m7hO8TKSgZ",1
"http://t.co/m7j0ED3e5N”",1
"http://t.co/M7tWQde1vO”",2
"http://t.co/m87bQrRCP5",1
"http://t.co/M9vSQ4QVSm",1
"http://t.co/MA5rjwJXIv",1
"http://t.co/MAQkJPoknF",1
"http://t.co/maSwrdeMDi",1
"http://t.co/MB1bplIeHd",2
"http://t.co/mB6WTqxHYr",1
"http://t.co/MbCq6t9dna",1
"http://t.co/mbWeJkj8Hp",2
"http://t.co/MbZ9WUMHC5",1
"http://t.co/mCFyLXJBc3",1
"http://t.co/mcwLEzjo…",1
"http://t.co/mcwLEzjo7e",1
"http://t.co/md3HVfVRpd”",1
"http://t.co/mD7O8j5mee",1
"http://t.co/Md9OleawQb",1
"http://t.co/MdBClf9sik”",1
"http://t.co/MDd0w6PXqQ",1
"http://t.co/MEuC8En…",2
"http://t.co/MEuC8Enpf5""",1
"http://t.co/MFDO4Jeau8",1
"http://t.co/MfjM5pbGo6",2
"http://t.co/mG5e19vbf6",1
"http://t.co/mgIrgWh1DE""",1
"http://t.co/MGtJSTf4RS)",1
"http://t.co/MHcbQQzYrZ”.",1
"http://t.co/MhEcKKRa3z",1
"http://t.co/MhgVRHtFqx",1
"http://t.co/miicT2TNAS",1
"http://t.co/mIJ77zztrj",2
"http://t.co/mINwbZRrdp""",1
"http://t.co/mirYAtqQa0”",1
"http://t.co/Mj80S3CTyC",1
"http://t.co/mJRtvigmaX""",1
"http://t.co/MJyJqpwVRD”",1
"http://t.co/Ml9daI8PBC",1
"http://t.co/mlL2NYiXbj”---",1
"http://t.co/MLSgO8sVWB",1
"http://t.co/MmEw0Xbd8f",1
"http://t.co/mMGKR9UZpi",1
"http://t.co/MmHFhjZ3Hx",1
"http://t.co/mmSbAlYLUZ",3
"http://t.co/mMUH1AXYfs",1
"http://t.co/MNiDxJMwsa",1
"http://t.co/mnUgVDZBzi",2
"http://t.co/Mo8is3Xk2F",1
"http://t.co/mOlgSbto42",1
"http://t.co/MoRFDNEQjr”",1
"http://t.co/MOSte38dDc",1
"http://t.co/MP0XU0Igdu",1
"http://t.co/mPDcDyOvdd",2
"http://t.co/Mpnl2g…",1
"http://t.co/Mpnl2gJrKx",1
"http://t.co/MpSIsXTtBB",1
"http://t.co/mPuxoJCyEI",2
"http://t.co/mqBl3AE1fv",1
"http://t.co/MqPj9sVh1l”",1
"http://t.co/mQX88AmTGr”",1
"http://t.co/MRdCIRveoQ",1
"http://t.co/mSPv2WStdS",1
"http://t.co/mtDYZmjVZK",1
"http://t.co/mTgrO6YHlz",1
"http://t.co/MtJlNm3Y6z",1
"http://t.co/MTmnajIFtp”",1
"http://t.co/MTNJUzg0Qn",2
"http://t.co/mtpXkIIOX5",1
"http://t.co/Mtxg0HhNSn”",1
"http://t.co/MtxP3UtcAQ”",1
"http://t.co/MUDKaji9m7”",1
"http://t.co/muGBT4X94p”",2
"http://t.co/muhCGePhg9",1
"http://t.co/MuPmROEJKh",1
"http://t.co/murBn9EySD",2
"http://t.co/muWy7WHnJq",2
"http://t.co/Mvc6Y1BeY9",1
"http://t.co/MVdF8PL1a0”",1
"http://t.co/Mw0ClthfHA",1
"http://t.co/mWd0NhdJ7L”",1
"http://t.co/MwEhaRhdFa”",1
"http://t.co/mWgLrnyq43",1
"http://t.co/MzaRYS43y5",1
"http://t.co/MZBTrA2pvz",1
"http://t.co/MzEGMPP2Vx",1
"http://t.co/mZpFg2bQ37",1
"http://t.co/MzZAeym9iA",2
"http://t.co/n0cRVMMtWn",1
"http://t.co/N0ZJUHjMdq",1
"http://t.co/N273OZ6mEc”",1
"http://t.co/n2bEcikYzS",1
"http://t.co/n2czfIKcHd",1
"http://t.co/n3RqufSVj3",1
"http://t.co/N4Fjtr4nZP",1
"http://t.co/N4qD4ttcw2",1
"http://t.co/n82KPwkAvY",1
"http://t.co/n8BwmU6jF9",3
"http://t.co/N8wue0jZb7",1
"http://t.co/n97ZFRqCBw",1
"http://t.co/nAnpkpSVGz",1
"http://t.co/NBe8f1qhV1",1
"http://t.co/NBnxPlKQQD",1
"http://t.co/Nbs6JMFBxu",2
"http://t.co/nBV9ZZWuXJ",12
"http://t.co/nc0OWK8pSK",1
"http://t.co/nc8KFhCGXe""",1
"http://t.co/nCqpDTl5Kc",1
"http://t.co/NdklSTZJn9",1
"http://t.co/NDwjAb0VV0”",4
"http://t.co/nEarkxt9EP)",1
"http://t.co/NEkAMcZu6y",1
"http://t.co/NeNfzsKIhP",1
"http://t.co/neqk0bTNlr""",1
"http://t.co/nFajUebJ4w",1
"http://t.co/NFIPvMIOyw",1
"http://t.co/nFO5rrGBPM",1
"http://t.co/NFVwy980EO",1
"http://t.co/nG8GPKpoJP”",1
"http://t.co/Ngfi6kXcOd",3
"http://t.co/NGGTd3TOkF",1
"http://t.co/nGJ8xNxhsl",2
"http://t.co/nHc0JCMtZA",1
"http://t.co/nhEiOVArw1",1
"http://t.co/NhIIEtf7EC""",1
"http://t.co/NHNi43sjIZ",1
"http://t.co/NI8iEpZF0n",1
"http://t.co/NiCFANQ9AQ",1
"http://t.co/nJDoCRH7ck",7
"http://t.co/NjdqjVKQvx",1
"http://t.co/NjTNcoKwxC”",1
"http://t.co/Nl27Smzjvi”",1
"http://t.co/NLcs372Fcj",1
"http://t.co/NlTQNKhVFx",1
"http://t.co/NMdfStV0Ja",1
"http://t.co/NMWspdKJUp”",1
"http://t.co/nn5XskxBGe",1
"http://t.co/noeTNKHrTf",5
"http://t.co/noOtlKQ2W3",1
"http://t.co/NOZdZ4wkjq",1
"http://t.co/npBGNSQHYE",2
"http://t.co/nppKazLFiY",1
"http://t.co/nprspXzGbU”",1
"http://t.co/NQ0aFijcAZ”",1
"http://t.co/Nq4AIyAjRw",1
"http://t.co/NQbWJU0USc",1
"http://t.co/NQpgOFwt5N",2
"http://t.co/NqSaH1mVHn",1
"http://t.co/NQU8Z87DrT”",1
"http://t.co/nQWKlKnFV4”",1
"http://t.co/nrHVKbHepq",1
"http://t.co/NRkPYpAHe5""LMAO",1
"http://t.co/NRmC7XSzJ4",1
"http://t.co/NroKBN6yu0”",1
"http://t.co/NrU8I6LZ28",1
"http://t.co/nRW3BVvlPY",1
"http://t.co/NrWYLf5DBL”",1
"http://t.co/NS4fFY0BQ3",1
"http://t.co/nS6AxvQBlo",1
"http://t.co/NSfyFGMySs)claim",1
"http://t.co/nSXS97XH3p""",1
"http://t.co/nTkTiS4N2G",16
"http://t.co/NTRAsMObSO",1
"http://t.co/NTSNdabj7e",1
"http://t.co/nTXITQEm6T”",1
"http://t.co/nUaw5HXcQE",1
"http://t.co/NUcatxwR81",1
"http://t.co/nUicVOLRxZ",3
"http://t.co/NvB6LNUEUH”",1
"http://t.co/nVkp0GEQqA",2
"http://t.co/nVLOPqJWi9""",1
"http://t.co/nVV28kjFjg",1
"http://t.co/Nw2HBPAlAx",1
"http://t.co/nwAbdy9SQZ",1
"http://t.co/nwCGxXjgmF",2
"http://t.co/nwcVazhMGe",1
"http://t.co/NwEKpm9qDx",1
"http://t.co/NwQ5OD7bxf”",1
"http://t.co/Nx9…",1
"http://t.co/Nx9yrdvHJu",1
"http://t.co/NXk6TZ2xcV”",1
"http://t.co/nxTLAne38p",1
"http://t.co/NXZ1xs49M1",1
"http://t.co/NXZFFfLvDg”",1
"http://t.co/NYHq2UAcfD",1
"http://t.co/NyvQ0tDy3f",1
"http://t.co/NZgV0ZB32d”",1
"http://t.co/nzpR5qHYE3",1
"http://t.co/NZpuchRPCM”",1
"http://t.co/NzrCFxVQwy",1
"http://t.co/o…",6
"http://t.co/O…",6
"http://t.co/o1FDYaTQ6c”",1
"http://t.co/O1NmSumt3l",1
"http://t.co/o2GBEgstJj",1
"http://t.co/O39GOuiZvZ",1
"http://t.co/O3b1YhuNQI",1
"http://t.co/o4cLntHR3m",1
"http://t.co/o5lUTyb2Hk",1
"http://t.co/o5NYHpGloc",1
"http://t.co/O6otAeY7P8”""@J_tsar",1
"http://t.co/o6VUFNJK8G",2
"http://t.co/o6WMhV5vtT""",1
"http://t.co/O7ZudHEqif",2
"http://t.co/O7ZudHEqif””",1
"http://t.co/O8Jkp6vXOk",1
"http://t.co/O8qN8jgcNt”",1
"http://t.co/o94wPycoqB",6
"http://t.co/o9eANZtFtG”",1
"http://t.co/O9VdHZSSrD",1
"http://t.co/o9YMTwKVD6”",1
"http://t.co/oaCm2Bi6JI",1
"http://t.co/oAfUkX7PPj",1
"http://t.co/OaktiupuOl",2
"http://t.co/OaV8ku7vtR",1
"http://t.co/oaWoXZOLu0",1
"http://t.co/ObHhr9rbgF",2
"http://t.co/oBn4aSOaMD",1
"http://t.co/OBucrqnkfL",1
"http://t.co/obzafHges5",3
"http://t.co/odadOgSe8u""",1
"http://t.co/oevDjFmdJ4",1
"http://t.co/OeWQLW6S8s",1
"http://t.co/ofcm93586k”",1
"http://t.co/ofH6cRcx0Q”",1
"http://t.co/Ofhbc78QCA",2
"http://t.co/oFjoiYSBZ0""",1
"http://t.co/OfU4ZIYjN0""",1
"http://t.co/oFVMPRcNpA”",1
"http://t.co/og6mhpdvia",1
"http://t.co/OgAErlHoJ8",1
"http://t.co/OGsLd9ziia",1
"http://t.co/oh47UPB3D2",1
"http://t.co/OhciT4RqOH",1
"http://t.co/OHN52pz02h",16
"http://t.co/OHTU6jhUJT",1
"http://t.co/OI16l1JXe0",1
"http://t.co/oIExobMTOR",1
"http://t.co/OiMxKaU6yy",2
"http://t.co/OIuNPuKd4Y",2
"http://t.co/Oj3Z3h9gXQ",1
"http://t.co/oj7MoE6Q08",1
"http://t.co/OjY1voYnFB",1
"http://t.co/okFlgvw5DA",3
"http://t.co/OKfwF6rMsE",7
"http://t.co/oKIyZ1iHxk",1
"http://t.co/oKk0RsrlED",1
"http://t.co/OKs5Ua5S7p”",1
"http://t.co/okv2Kjm4IB",1
"http://t.co/ol4FVBsKXu",1
"http://t.co/ol75cUEXDX”",7
"http://t.co/OLG8wra2tt",1
"http://t.co/oLlm55D5s6",1
"http://t.co/OLxaaoAtYd",1
"http://t.co/OmKXvPN1TS",1
"http://t.co/omlyWpbNRl",1
"http://t.co/OmS04ebtn3",1
"http://t.co/onBqguw3BM",1
"http://t.co/ONDXJb2FRM",1
"http://t.co/ONf4lrj6Tz",1
"http://t.co/ONYkQFKXNQ""got",2
"http://t.co/OO0TANZPhR",1
"http://t.co/oo7KNCKG45",2
"http://t.co/OO9Lt2DGKQ""",1
"http://t.co/Oodxnwvn8W",1
"http://t.co/oOjgehWFyy.",2
"http://t.co/oOjgehWFyy.""",1
"http://t.co/oOjgehWFyy”",5
"http://t.co/OOrcDst00s”",1
"http://t.co/ooW1lSOirM",3
"http://t.co/oPiRrQAIr0",1
"http://t.co/opoMjwS3YU",1
"http://t.co/OPQ625zRZs",1
"http://t.co/oqjRTZ59ne",3
"http://t.co/oqZ5…",11
"http://t.co/oqZ5RmKNri",1
"http://t.co/oRV0PDvwrd",1
"http://t.co/oRYVqmSbuK",1
"http://t.co/orzkrcDp2R”",2
"http://t.co/osCDmdTtGw",2
"http://t.co/osyNNIbM6P",2
"http://t.co/oT2UuRLzip""",5
"http://t.co/Ot96vLIrsV",1
"http://t.co/oTMHEEQ3ha",1
"http://t.co/oTuUpSra9M”",1
"http://t.co/oTxjqzqv…",5
"http://t.co/oTxjqzqvAB",6
"http://t.co/oUDdodHwoJ",1
"http://t.co/OUQiE4zQHM",1
"http://t.co/Ov7D9HzEay",1
"http://t.co/ov81wEXZkz",1
"http://t.co/OVf7d3hPuS”",1
"http://t.co/ovT2N9IoRd",1
"http://t.co/OvxTuUYQ7L”",1
"http://t.co/OvywN1h5M9",1
"http://t.co/OwDgEq2VPU",2
"http://t.co/oWfLPMQOey",1
"http://t.co/oXG1Z5IqYU",6
"http://t.co/OxkOtKbTk0",4
"http://t.co/oXNvvEqGCH”",1
"http://t.co/oyDU39eOaL",1
"http://t.co/OyIF3GSt",118
"http://t.co/OYJSiHx4Lo",1
"http://t.co/OYVRZDHQmV",1
"http://t.co/oYxFVAOg4r""",1
"http://t.co/ozjoE9aOKK",41
"http://t.co/p1pr5nHVOd""",1
"http://t.co/p33dkumCJx",2
"http://t.co/p4KcKKmwec",2
"http://t.co/p5ls8VbO0l""",2
"http://t.co/p620tkraT7",1
"http://t.co/p6Kf1LaWnW”",1
"http://t.co/P7qzKxpvRx",1
"http://t.co/P80i3r1M9B",1
"http://t.co/P8PG0g3qp4""",1
"http://t.co/P9LMXsoX38",1
"http://t.co/p9QCRS2xmz",1
"http://t.co/P9WSstABx4”",1
"http://t.co/pa1WhjTeH4",1
"http://t.co/paBYvk66tq”",1
"http://t.co/paFDobLYog",1
"http://t.co/pAfRaXaaMu",1
"http://t.co/PAneea1ftF",1
"http://t.co/PaOxM4jGRa",1
"http://t.co/paz2Wkodzd",18
"http://t.co/pBQLcqlQM1",1
"http://t.co/pbTs5WeTe1",1
"http://t.co/pCGli1qmFk",1
"http://t.co/pcjisucn6w",3
"http://t.co/pCjPMqbKMy""",1
"http://t.co/pCN2fwrroQ”",1
"http://t.co/pCs03qjix4",1
"http://t.co/pCTTlBcJ3B",1
"http://t.co/PcY1dkLaW7",1
"http://t.co/pdoEf6HOEW",1
"http://t.co/pDY9…",2
"http://t.co/pDY94J820c",1
"http://t.co/penmiV9fX7”",1
"http://t.co/PEqRNMgDsO",1
"http://t.co/PEYApmcqzZ",1
"http://t.co/pFaWC4TL8d",1
"http://t.co/pFJkK8Qlea",1
"http://t.co/PfKquy5Qsj",1
"http://t.co/Pfq6c3o7MS""",1
"http://t.co/PG3B57vyzT",1
"http://t.co/PGeFsrnh3K”",2
"http://t.co/PH3rP4uBte",1
"http://t.co/PHbCZ1Z31Z”",1
"http://t.co/Phbpk8v4X0",1
"http://t.co/phrYtFNUn9",2
"http://t.co/PhZhx7wzPo",5
"http://t.co/pIfHSxz8bG",1
"http://t.co/pig5sOlfAW",1
"http://t.co/PIJXmSLeur""",1
"http://t.co/pIoRSTqUMj",1
"http://t.co/PITDO1GIJi",1
"http://t.co/pJB0GtQt2d",1
"http://t.co/pjQZ2gaWoG",1
"http://t.co/pkFkIMum0c”",1
"http://t.co/pLVq4Xfzl6",1
"http://t.co/PM1PSsWmy1",1
"http://t.co/Pm7WYK8GT3",1
"http://t.co/pNoNl8Jk0A",1
"http://t.co/Po1V6dgWmD",1
"http://t.co/poCM8De5XV",4
"http://t.co/Pp0sC6cMqm",3
"http://t.co/PpnhhgX6fA",1
"http://t.co/pQ4wWv2qBI",1
"http://t.co/pqxxs4Tf5u",1
"http://t.co/pRFgBQSxYv",1
"http://t.co/prtYWkej17",1
"http://t.co/pSby3pt4hF",1
"http://t.co/pSlL0ydsoJ",1
"http://t.co/PSn8dHY3u3",1
"http://t.co/PSVFbb02dc",1
"http://t.co/PtJ5sHHto2",1
"http://t.co/PtJczx6u1Y",2
"http://t.co/Pu2smsjIy8”",3
"http://t.co/Pudn9ZwsGj",1
"http://t.co/Pul85JEQZc""",1
"http://t.co/pUQrsT3VoH",1
"http://t.co/pW5nFsIwdq”",1
"http://t.co/PwAZgOodBk”",1
"http://t.co/pWIQaX9B7z”",2
"http://t.co/PwK3AVJNAl”",1
"http://t.co/PWW1hzx8Ps",1
"http://t.co/PxoHg2sqDp",1
"http://t.co/py9VtguFXR",1
"http://t.co/PyemG6nxF4",1
"http://t.co/pYrCyQyLYC”",1
"http://t.co/PyS7zPzJ6L",1
"http://t.co/PYuG0tn4U0",1
"http://t.co/pzboF0tsXF",1
"http://t.co/PzeaPJMp7b",1
"http://t.co/PzplazSJqp",1
"http://t.co/PZS21aofv4""",1
"http://t.co/q1jwh1Js9u",1
"http://t.co/q1XSJ4aUwm",1
"http://t.co/Q3ddGVJDOc",1
"http://t.co/q3znyPV9ZZ",1
"http://t.co/Q4ITqSY4Bb",1
"http://t.co/q6QYUdfD7c",1
"http://t.co/Q7gOj2wpjx",1
"http://t.co/q7SSqnn0za",1
"http://t.co/q7ZgU8rhtl",1
"http://t.co/q86JEgGk2N",28
"http://t.co/Q9BF1JQloO”",1
"http://t.co/q9P7N3kOWI",1
"http://t.co/q9QHPMy3aV""RT",1
"http://t.co/Qa8ig5cUqS",1
"http://t.co/qAydustZUO”",1
"http://t.co/Qazts0mmLI",17
"http://t.co/QbfL9NWVtD",1
"http://t.co/QBhzTPhISZ",1
"http://t.co/QBOyemc78p""",1
"http://t.co/qBu77SNTHF",1
"http://t.co/QbWZ7KLrix”",1
"http://t.co/QbY3eqjD3b",112
"http://t.co/qCZVI2VqYK",1
"http://t.co/qD73xSYdDA",76
"http://t.co/qDBHqXYjxI",1
"http://t.co/QDqNAEyeyv",1
"http://t.co/qDsxPngROe””",1
"http://t.co/QDtzeitFah",27
"http://t.co/QDVBxzuyMk",1
"http://t.co/qECon68q8c",1
"http://t.co/qeRMw9Yzco",1
"http://t.co/qEvFd1fLzp",19
"http://t.co/qfp8yO8AX4",1
"http://t.co/qgac8A2U0n",1
"http://t.co/QGAk1RtYGI",1
"http://t.co/Qh5IiQywxs",1
"http://t.co/qhcHYoabHl",1
"http://t.co/QHgumpbVvQ",1
"http://t.co/QhJTQFesXl”",1
"http://t.co/QIaapMaXFa”",1
"http://t.co/qj1KSlx546”Question",3
"http://t.co/qj1ZqXODkp”",10
"http://t.co/qjLMNUVOTF",1
"http://t.co/qjMnfJgmWz",1
"http://t.co/qJOJtzVECW",1
"http://t.co/QjpSG0R7j1",1
"http://t.co/QJTkVWSihh",1
"http://t.co/qKQJo5Z1UF""",1
"http://t.co/QkRnPq4dIY",1
"http://t.co/Ql0axOnyiD",2
"http://t.co/Ql5E8vKQ39”",4
"http://t.co/qLDCNbCpCh",1
"http://t.co/QLZEwsF6PW",1
"http://t.co/QMZ6J8VcG9",1
"http://t.co/qn1dkQtKAV",1
"http://t.co/qNLomkaWfM",1
"http://t.co/qnqn7hUHqH",1
"http://t.co/QNtUbh1zRG”",2
"http://t.co/QOCPUuDP6n”",3
"http://t.co/qofd6a7HWd””",1
"http://t.co/QoFzyWCmC6",1
"http://t.co/QohN2pB…",2
"http://t.co/QohN2pBQfO",1
"http://t.co/qoIwC6GHwv",1
"http://t.co/qOrEkykmGQ",1
"http://t.co/qp2HVjVPkc",1
"http://t.co/qpHaOnUIwT""",1
"http://t.co/qpuPfh…",23
"http://t.co/qQ4UltIXch",1
"http://t.co/qqXSePINXV",1
"http://t.co/QR406ZC8R5",1
"http://t.co/qrr3KwbC0k",2
"http://t.co/qrudr3ViTv",1
"http://t.co/qsL8NAXOKJ""",1
"http://t.co/qtfIkGqnZA""",2
"http://t.co/QTXG1C1DOQ”",1
"http://t.co/QU5tbqBVgS",22
"http://t.co/QU9…",1
"http://t.co/QU99JbzywE",1
"http://t.co/QUwLybG368""",1
"http://t.co/qv6voWBmba…",1
"http://t.co/qvkVv4Poi7",1
"http://t.co/QVufyZ5bZ4",1
"http://t.co/qvxto8u2eQ”/Al",4
"http://t.co/qWDx0zTe3H""",2
"http://t.co/qWiNu0g0K2",1
"http://t.co/QwTU3WTv8X”",1
"http://t.co/qX0PLkkFHH",1
"http://t.co/QxCdAyPvC7",1
"http://t.co/QXK9X1buLR",1
"http://t.co/Qxra4Pn7Ux”",1
"http://t.co/qy1U4cwvmr",12
"http://t.co/qyNryY7Kkj",1
"http://t.co/QyQlwqWe3i",5
"http://t.co/qZRImfTciz",1
"http://t.co/QZRSupsdRd”",1
"http://t.co/qZURLLkR1s”",1
"http://t.co/qzvOzmFYkh",1
"http://t.co/qzxvfvaqew”",27
"http://t.co/r0fdXl61VE",1
"http://t.co/R1WyjHMyoY",1
"http://t.co/R2Ww5AI5j9",1
"http://t.co/r39Fxo0mEl",1
"http://t.co/R3aUIcBVx8""",1
"http://t.co/R3G7MYxHsD",1
"http://t.co/r3riygEo6V”",1
"http://t.co/R3YJ5FI1jH",1
"http://t.co/R59B8tMHhU",1
"http://t.co/R5c67AWT07",1
"http://t.co/R6Km10Ydsz",1
"http://t.co/r72vWUyDqf""",1
"http://t.co/R74TowuzPo",1
"http://t.co/r9Iaacl8fa",1
"http://t.co/R9q7ILp3Ha”",1
"http://t.co/RAkV0o80b5",1
"http://t.co/rBVYMamHYu",1
"http://t.co/rbXYYDYvT0",1
"http://t.co/rCIUbRHnNA",1
"http://t.co/RcpAp8lGQZ""",1
"http://t.co/rCvN9khq76""",1
"http://t.co/RdBD1UpH2m",1
"http://t.co/rdDjVA4jz6”",1
"http://t.co/RdRtNlasDW”",1
"http://t.co/RDrwRLhz",6
"http://t.co/Rdzu98833A",1
"http://t.co/reVAWyG7W3""",1
"http://t.co/RfaNZKgnp4",1
"http://t.co/rG3T4ATGku",2
"http://t.co/rIBwAr4PpQ",1
"http://t.co/RIDxYnoZsd",20
"http://t.co/riWLHvN537",1
"http://t.co/RJFDIIABlC",1
"http://t.co/RjMn0oeifJ",1
"http://t.co/RjUJddJNJt",46
"http://t.co/RJUnODjhIz",1
"http://t.co/RkLXlE0t6s”",1
"http://t.co/RkTULqUXex",1
"http://t.co/rKWK0c4J7g”",1
"http://t.co/RLdarmiUHR",1
"http://t.co/RLOgZkfzaH",1
"http://t.co/rLSvyzrCSD",1
"http://t.co/rm1UQLa1kU",1
"http://t.co/rMAVquiE1w",1
"http://t.co/RNd…",1
"http://t.co/Rnd69OaO4L",1
"http://t.co/RntA1FG5R7""",2
"http://t.co/RO6zybkbZC",1
"http://t.co/rORlqMIIVT",1
"http://t.co/RP8bMZKk3A",1
"http://t.co/RPjIIWQfkL",1
"http://t.co/rpjtwfPHuO",7
"http://t.co/RpLDfga3NT",1
"http://t.co/rPSOMM4m05",1
"http://t.co/Rpssu5…",7
"http://t.co/Rpssu5Ytzl",1
"http://t.co/rqeYpw22rm”",1
"http://t.co/rqnh5F7esR",1
"http://t.co/rQWVwAEx",42
"http://t.co/RqXo0Y7QSa",1
"http://t.co/Rs1x8u5Roi",2
"http://t.co/rSsHtNNra2",1
"http://t.co/Rt3q5k3FYs”",1
"http://t.co/RtZz8Cjwbw",1
"http://t.co/Ru7rdrIUkz”",1
"http://t.co/rUTAAgD3ps",2
"http://t.co/rUU29jNXwQ",1
"http://t.co/rV5SFB5wbb",1
"http://t.co/rV8zJwewsc",1
"http://t.co/rwCiFF63wl”",3
"http://t.co/RWglyfwM3h",1
"http://t.co/rwTS5gXdwV",1
"http://t.co/RwWcmQzRwD”",1
"http://t.co/rWx1saNToH",1
"http://t.co/rX1GEm3XAo",1
"http://t.co/rX2fxksSCi",2
"http://t.co/RX6tJ2kwgF",1
"http://t.co/rXd4WRiu15",1
"http://t.co/Rxp7ud55Wf",2
"http://t.co/rxz2rQ9Btp”",1
"http://t.co/Ry4iRYfhPe",1
"http://t.co/RYA8gdsdI1""",1
"http://t.co/Rz5bnizjEM",1
"http://t.co/rZmTd4N7MP”",1
"http://t.co/rzslFgZ5tC",4
"http://t.co/s0CsNJdG1d”LICENSE",1
"http://t.co/s0RlAAeMmU",98
"http://t.co/S1KDghOJeI”.",1
"http://t.co/s2eMafCXmz",1
"http://t.co/s339JkMlWR",1
"http://t.co/S3CUO1DVPa",1
"http://t.co/s3dN40McrH",1
"http://t.co/S3KVhygmOy",1
"http://t.co/s4dGAcAdvT",1
"http://t.co/s4gRBGfQO9",1
"http://t.co/S4k77X9F33",1
"http://t.co/S4PSucWzVk",1
"http://t.co/S5emPAr1Gi”",1
"http://t.co/s5ncesVjS4",1
"http://t.co/s62JE2JM7h”",1
"http://t.co/S6KIHMTFW1",2
"http://t.co/S6swe7cvb6",1
"http://t.co/S6zRtYmsC0",1
"http://t.co/s7c5LBzYEV",1
"http://t.co/S8pVZokN9m”",1
"http://t.co/s9p76gb8GG",1
"http://t.co/sAH5OHVxZB",1
"http://t.co/sb0g1cIKDN",1
"http://t.co/SbWfjXWPWj",1
"http://t.co/sc2gM2qMEo”",1
"http://t.co/ScEw0i4V5T",1
"http://t.co/scF9WSvxsx”",1
"http://t.co/scvPnneLKB",1
"http://t.co/SCWydTQxhK",1
"http://t.co/sd6B6pVndb",6
"http://t.co/sd9RNzANvO",1
"http://t.co/SDAHjmFln4",1
"http://t.co/sDFmeBfFXy",1
"http://t.co/sDqbYRjBr3",1
"http://t.co/sduUCP4sBS",1
"http://t.co/sEn0vHQzj1",1
"http://t.co/SENH3LmitE",2
"http://t.co/serFnfIqb6",1
"http://t.co/sfqUhKuD3Q",1
"http://t.co/sG0RzB06Yg",1
"http://t.co/sGgEGNY7Rf”",7
"http://t.co/sGmCWwOYU9",2
"http://t.co/SgnmcHHd5M",1
"http://t.co/SGOWFNTBV3",1
"http://t.co/SH32LwbpIy",2
"http://t.co/shuFPz8c5N",1
"http://t.co/SHwNKR5aQo",2
"http://t.co/sHYuPAb7SU",6
"http://t.co/SIMfAezkoQ",1
"http://t.co/sISJQkyI5T”esto",1
"http://t.co/SJBMvj7FxH""",1
"http://t.co/sjwDk1OZUb”",11
"http://t.co/sjZcP8KJrI",1
"http://t.co/SKa5xPSqdN",1
"http://t.co/SKFAkh5Qcm",1
"http://t.co/sKggGwLdas""""",3
"http://t.co/Sm1zz2P3Jw”",1
"http://t.co/sML8ENbvWW",10
"http://t.co/Sn5ghIx7tr”",1
"http://t.co/SNaLNhkXwZ",1
"http://t.co/snKGcxZNJY",3
"http://t.co/SnqFwz9i99""",1
"http://t.co/sNxPKdlrSZ”",1
"http://t.co/spjE9YXsiD”",1
"http://t.co/sqOTbMkvC1”",8
"http://t.co/SQxZ9hayFv”",1
"http://t.co/SR9mHEBRdt",1
"http://t.co/SrlRUBgk5l""",1
"http://t.co/SrPj8RC4EJ",1
"http://t.co/SRw5JZ2lPb",1
"http://t.co/SRWhXGe82q…",1
"http://t.co/SRWhXGe82q""”",1
"http://t.co/ssfYLxxLHb",1
"http://t.co/SSMR4ZrJMY",1
"http://t.co/SsTsf4KM44",1
"http://t.co/ssVjnuM6Dr””",1
"http://t.co/ssxPpl1BGQ",1
"http://t.co/sT74n5XQFg",1
"http://t.co/sTA4fmDgqv",1
"http://t.co/stjBDHWz57",1
"http://t.co/stOExyhLTe""#Bostonbomber",1
"http://t.co/SUqqfyvyMn",1
"http://t.co/SUXf6Ke2VS",1
"http://t.co/SVdcTYqJzV",1
"http://t.co/svgOwe9guh""",1
"http://t.co/SVMcHk9WwI",1
"http://t.co/sVTXRPPXqg",1
"http://t.co/Svw5Z9R9bi",1
"http://t.co/sVZyjfjczx",3
"http://t.co/sWAzKs7lWL”",4
"http://t.co/swZtveqg6a",1
"http://t.co/sxFnxVbggD",1
"http://t.co/Sxohnj6rKu",1
"http://t.co/sYHhtGcJJW",1
"http://t.co/SyNX…",1
"http://t.co/SyNXgmf4NK",1
"http://t.co/SZ2bF4kUT8”",1
"http://t.co/SzjbG36wRc",1
"http://t.co/t0kf7QKXqi",1
"http://t.co/t1X3EMf7GX",1
"http://t.co/t2fVvrrYQg",1
"http://t.co/t2ySGcSYnN",1
"http://t.co/t3F668sAkk”",1
"http://t.co/T3o3YOlHAj”",1
"http://t.co/t40BLs3H50",1
"http://t.co/T48oX2wlh3”",1
"http://t.co/t4HmcVZvCv",3
"http://t.co/T68WN8eWFK",1
"http://t.co/t6nBZ0UDJ9",4
"http://t.co/T6qzAfpquQ”",4
"http://t.co/T7IBdn7woK”",1
"http://t.co/T7PS24GXfe",2
"http://t.co/T7vbeMrDaM",1
"http://t.co/T8PF2COunW",1
"http://t.co/T8xxJBoVrr”",1
"http://t.co/T9cZ…",1
"http://t.co/T9cZ8vJTQJ",1
"http://t.co/t9PH4tGT0J",1
"http://t.co/ta6q7p9CS9",1
"http://t.co/tAEfWmzpzw",1
"http://t.co/Tahbhp4Lfv",2
"http://t.co/TAHUaMi55J""",1
"http://t.co/tasPudFsqo",1
"http://t.co/tateo…",1
"http://t.co/tateoTomGH",107
"http://t.co/TaVWU7pZdG”",2
"http://t.co/tBfCW6acJa",1
"http://t.co/TbJdPRC9sb",1
"http://t.co/TclXKzq37V",1
"http://t.co/TCR9FCFl8k",1
"http://t.co/tD4qMzODX8",1
"http://t.co/TD8dzaTirQ""",1
"http://t.co/tdpUTQ4wAu",3
"http://t.co/tdruipeOV9""",1
"http://t.co/tEb91Y6HrK",3
"http://t.co/teE1hHi7qq",1
"http://t.co/TFEIO9CZFb”",1
"http://t.co/tGDfHBLz0N",2
"http://t.co/ThCDTTcrVd”",1
"http://t.co/tHWMrPT4t5”",1
"http://t.co/ti4poWObai",2
"http://t.co/Tiq6NsUWUd",1
"http://t.co/TiRHMua8o2",1
"http://t.co/TJ1D1MUfQf",1
"http://t.co/tJ6BbwbhRr",2
"http://t.co/TjeVh9pg4n",5
"http://t.co/Tjf44WQruj",3
"http://t.co/tjSeC6x…",2
"http://t.co/tjSeC6xyq2",1
"http://t.co/Tkx8IXAnum",1
"http://t.co/TlEd4K3jd8",1
"http://t.co/tLIHlzTGP3",1
"http://t.co/TLlEqDEvIt”",1
"http://t.co/tLnqZsMwM8",4
"http://t.co/tLNvMY3lJK""",1
"http://t.co/Tlnzo6VkMI”",1
"http://t.co/tLWBCrx1Cd",1
"http://t.co/tmeav6oXWW",1
"http://t.co/tMFXhyITIm”",1
"http://t.co/TMPMK1aHwu",6
"http://t.co/tMvNrmOckP",1
"http://t.co/TN0HE6Tl2p”",12
"http://t.co/Tna6JkSFXv",2
"http://t.co/tNb34bnip6",2
"http://t.co/tnIhQ0W6zh",1
"http://t.co/toiey7hOgo",2
"http://t.co/ToyEw8B7OO”",1
"http://t.co/tP8VZCGxGq”I",1
"http://t.co/tpD…",27
"http://t.co/tpDKXIGbaQ",2
"http://t.co/Tpjn1g4sq4”",1
"http://t.co/TpJY4Qz32l”",1
"http://t.co/TptSc8jx7V",1
"http://t.co/TPU4Uc1DIB""",1
"http://t.co/tq26v0UdE8”",1
"http://t.co/Tq9J79WdiA",1
"http://t.co/TQjOzuoKi7",1
"http://t.co/TqktdufGIk”",1
"http://t.co/tQnX3wrJaT”",1
"http://t.co/tQYCdMtBXv",3
"http://t.co/tqZMZxwkfH",1
"http://t.co/tr6AGaZaTu",1
"http://t.co/Tr9NXyMID8",1
"http://t.co/TraX0tz3OA",1
"http://t.co/TrIa7nScz1",1
"http://t.co/Trja8jH7gz",3
"http://t.co/tRXMIaLaLI",4
"http://t.co/ts8SJl6flG",1
"http://t.co/TT19uZcL4j",1
"http://t.co/ttcOvHfoCT",1
"http://t.co/TTGpx3xoUb”",1
"http://t.co/TTIPJadczM",2
"http://t.co/tUAhwve9MJ",1
"http://t.co/TUO3aYsrh1",1
"http://t.co/TUy3ht53sW""",1
"http://t.co/tv7WDJiyKv””",1
"http://t.co/tVbJx0CT5C",1
"http://t.co/tvHHjlYd3V",1
"http://t.co/TVlNVHP7gW",1
"http://t.co/tVwKDeMARw",1
"http://t.co/TWcXoHdWY7",1
"http://t.co/TwIeYPTKZd",3
"http://t.co/TwLviTwFA1",1
"http://t.co/TWO9ki8PG1”",2
"http://t.co/tXCXiDGKua",1
"http://t.co/tXK10XymKy",1
"http://t.co/tycVxGhBBy",1
"http://t.co/TynmxMHjip",1
"http://t.co/tywxjYejWS",3
"http://t.co/tYxX2dWjp1",1
"http://t.co/TzA11ze9tE",1
"http://t.co/tZb0Ii14z5",1
"http://t.co/TZhH87fyV3",1
"http://t.co/tZiUT9dma2”",2
"http://t.co/tzR1rik4yz”",1
"http://t.co/tZvWphuA0y”",1
"http://t.co/U04qsPf8Al”",1
"http://t.co/u0oNQZeeis",1
"http://t.co/u1HbqCuvhb”",6
"http://t.co/u1R4FwXCEY”واضح",1
"http://t.co/u2V2OfOjLU",20
"http://t.co/U42lK01rVs",1
"http://t.co/U4kMeP6MXL",1
"http://t.co/U6NN8dzcjO",1
"http://t.co/u8oSfyRFFU",1
"http://t.co/u9fmv4io3i",1
"http://t.co/U9IA3in5DC",6
"http://t.co/U9lCl2XU32”",1
"http://t.co/u9mdKgJXqz",1
"http://t.co/u9oVq5YoC6",2
"http://t.co/uaAr0TULnU”",1
"http://t.co/UahkEfTBZ1”",1
"http://t.co/uAIY2Tjjto",1
"http://t.co/Ub4s6nZVmV",2
"http://t.co/Ub5gJDG9uK",1
"http://t.co/ubAKcA96ka",1
"http://t.co/uBG1exXTfH",1
"http://t.co/ubrDD8Q3tf",1
"http://t.co/uBvXJ1zv0z”",1
"http://t.co/UBvzmqS0jh",1
"http://t.co/UbYP4CocEK",1
"http://t.co/UcemfHldwL”",2
"http://t.co/uCJlbIV4Ta",1
"http://t.co/UClRr5UKya",26
"http://t.co/ucMgJbiWK2",1
"http://t.co/ucPFFFQGnA”",1
"http://t.co/UCuGAcYFIz",1
"http://t.co/UCy6XQDg48",1
"http://t.co/UdQNcBeh21",1
"http://t.co/uDsVj4lPBm",1
"http://t.co/ue…",1
"http://t.co/uE56uxW1iR”",1
"http://t.co/uFgCko4aC2",2
"http://t.co/UfgtXLtfU0",1
"http://t.co/uFUohSIyTY",1
"http://t.co/uFwyJnzfGx",3
"http://t.co/uGVSmGSKFs",1
"http://t.co/uGzblLXDX9",98
"http://t.co/uHjpGhv2rV",1
"http://t.co/UHjY2ywtjj",2
"http://t.co/UHPqkHxZ95""",1
"http://t.co/UIcRi3ne7J""",1
"http://t.co/uiFjQK3PYQ",3
"http://t.co/uinoRQngnW""",1
"http://t.co/UipQ9c4s7J",1
"http://t.co/uJex7rO5Js",1
"http://t.co/UjQ8Hw5Ri9",1
"http://t.co/UjvtA1hD5P""",1
"http://t.co/uJyy4myZZK",2
"http://t.co/Uke1e3dQGA",1
"http://t.co/ukPSSp3QTI",24
"http://t.co/UKQcaem8BB",2
"http://t.co/UKygzL9Rra",1
"http://t.co/Ul1flTtavt”people",3
"http://t.co/UlFz25qgI7",1
"http://t.co/ULgwPF8L06",1
"http://t.co/uLhqfz6xgL”",1
"http://t.co/ulKkk8b8fq""",1
"http://t.co/uLl6qfO5aL""",1
"http://t.co/uM0jhJBMi5",1
"http://t.co/UmBu3lEy",4
"http://t.co/umg3KFkpoC",1
"http://t.co/uMxQZoqb14”",1
"http://t.co/uNhkh85xE9”",1
"http://t.co/unr2p7pKVm",1
"http://t.co/Uol1tmo5XR”",2
"http://t.co/uOmACuxJGW",2
"http://t.co/uPvd7Q8jQy",1
"http://t.co/uPYscGyltd”",1
"http://t.co/UPZlb4Pk3o",1
"http://t.co/uQcIjg9gzb",2
"http://t.co/uQrxrzQIRC”",1
"http://t.co/uR1Tlq0Fza",1
"http://t.co/uRF5BgyVyi",1
"http://t.co/URFUlVnFNe”",1
"http://t.co/UrkkelbSaF",1
"http://t.co/uRyTwCqWf7",8
"http://t.co/uSPtK1IGVX”",2
"http://t.co/UT2VRr4TuQ",4
"http://t.co/UTG8VcDudE",1
"http://t.co/utKmMqIDCx",1
"http://t.co/UtMF0qoHNM",1
"http://t.co/uuBN5BXJSl",1
"http://t.co/UuIdd9K2Zm",1
"http://t.co/uukkfTq3q0",1
"http://t.co/uURrrPP4eA",1
"http://t.co/uuuayyUSOL",22
"http://t.co/uUXmLswfXE",1
"http://t.co/uveD3XkSoH",1
"http://t.co/uvP0KOdqV3”",1
"http://t.co/uvUSHjDuze",4
"http://t.co/UWA7HhtJs3",1
"http://t.co/uwbh05Nk1K””Shit",1
"http://t.co/uwJPgbPg2n",1
"http://t.co/UX2mEqoLhy",1
"http://t.co/UX4oCojP4B",1
"http://t.co/UxPU1ZXNZD”",3
"http://t.co/UYjLVwJDPN""",1
"http://t.co/uyngdI4F5Q",1
"http://t.co/UzCWxk30a3",5
"http://t.co/uZQcrCf6yl",21
"http://t.co/uzrsvaIjat",1
"http://t.co/uzuIoqX3NZ",8
"http://t.co/v0GXrNIWAJ",2
"http://t.co/V1…",39
"http://t.co/v10CgYQPTf",1
"http://t.co/V1amb9WnK2",1
"http://t.co/v1dopW7jbG”",2
"http://t.co/v27VOesM…",29
"http://t.co/v27VOesMWp”",1
"http://t.co/v2gRqpn5Lw",1
"http://t.co/v2o…",9
"http://t.co/v2o7qSQI6V",1
"http://t.co/V2yulDpJ0y""",1
"http://t.co/V40Hfrt0Oa”",1
"http://t.co/v4hrOEMwFT",1
"http://t.co/v59M3oXYI6""",1
"http://t.co/V66NKvhgOU",1
"http://t.co/V8leJAbJw6",1
"http://t.co/v8OKh5RQ5t",1
"http://t.co/V8ts93XaOz",1
"http://t.co/v9h3rb9Q",145
"http://t.co/V9uyY9d0MQ",1
"http://t.co/V9VHnWt6pw",1
"http://t.co/V9vTGhLJBq""",1
"http://t.co/VAFhNlFIdV",1
"http://t.co/vaIrM5mGM7”",1
"http://t.co/VAn2eJP9cM",1
"http://t.co/vAonW00pbz",1
"http://t.co/VAvoZ1RRge",1
"http://t.co/VbeYSYKIWQ",2
"http://t.co/vBj1uH7Afu",2
"http://t.co/vbw1CReWTV",1
"http://t.co/VBW3xLw9M0",1
"http://t.co/Vc6HVB8uUY”",1
"http://t.co/VCUGVqwzeh",1
"http://t.co/VcxiNZ2zuA””",1
"http://t.co/VdwTl4wzN7",1
"http://t.co/veLCMTB2m4",1
"http://t.co/VeP3mr9DI3”/Video",1
"http://t.co/VEwIKymWaa",1
"http://t.co/VF3Uvw4X9H",1
"http://t.co/VF4HC7rs1A""",1
"http://t.co/vFBLabD5Xk",1
"http://t.co/VfDXVI5d6s”",1
"http://t.co/VFoM2kFO4M”",1
"http://t.co/VG9LRwM0kV”",2
"http://t.co/vH3yZEgAPb",1
"http://t.co/vHD5sIKJSf",1
"http://t.co/vHO9u9NKMI""",1
"http://t.co/VhQBhlK5YB",2
"http://t.co/VhuKTTxhhx",1
"http://t.co/VhuziOlco8",3
"http://t.co/vHwh0k56qp",2
"http://t.co/vHzAE2SkSG",1
"http://t.co/VigcAXa17C",1
"http://t.co/VIPw7gJvqo""”",1
"http://t.co/vj36OuV0…",6
"http://t.co/vj36OuV0wp",1
"http://t.co/VjctitO9Uo",1
"http://t.co/VjIyd8OLuj",1
"http://t.co/vjO5HsCKsN",1
"http://t.co/VjODwx7TFH”",1
"http://t.co/vjPF3VVxKe""",1
"http://t.co/vk5zkc7T81",1
"http://t.co/vkZes4bRnH""",5
"http://t.co/vlcfVMnVGx",1
"http://t.co/Vlgoo72Z4j",1
"http://t.co/VMQBhXxGzk",1
"http://t.co/vn1YuUaVgI",3
"http://t.co/vNBKO1T90Q",1
"http://t.co/VNNID7I8pK",1
"http://t.co/vnr7bva84t",1
"http://t.co/Vnvq6XnDZE”",1
"http://t.co/VnzUV1vNpZ",1
"http://t.co/VOerbioi2J",1
"http://t.co/voOcYuHDFD”",1
"http://t.co/vouP2Kw75x",1
"http://t.co/vP2dS1Uevm”",1
"http://t.co/VPAsxg7K6Z",1
"http://t.co/VPhCmF6kC1""",1
"http://t.co/VPlritQmGn",1
"http://t.co/VPQNZ8MhPh",1
"http://t.co/VpvrANCfb2""",1
"http://t.co/VpWDmB2eQs",1
"http://t.co/VPz0af94Gs",1
"http://t.co/VpZlpedhoT",10
"http://t.co/VQaeXzfkGD",1
"http://t.co/VqcC87pbwN”",1
"http://t.co/vqkFcWCbST",1
"http://t.co/VQU1AZ6S3G",2
"http://t.co/VqxFmQ1ZEK",1
"http://t.co/vrVXIkwVXb",2
"http://t.co/VrxrMNHJGE",1
"http://t.co/VsaQb1mC7e",1
"http://t.co/VsDjxjzQtl",1
"http://t.co/VSFej4toW2",1
"http://t.co/VSFxz2V1Bv",28
"http://t.co/vsQl3Ej2hr",1
"http://t.co/VsQTjMXTVv",1
"http://t.co/VsWJvJ0P6P",1
"http://t.co/vTGVKl2ViK""",1
"http://t.co/vTpb1kNT75",1
"http://t.co/vu2bkGu5Gj",1
"http://t.co/VUbgk0bNCc”",1
"http://t.co/vUE64…",1
"http://t.co/vUE64GmCN2""",1
"http://t.co/vUE64GmCN2”",1
"http://t.co/VUhssF7coz",2
"http://t.co/VUljyNSQSX",3
"http://t.co/VutHdWVLCl",1
"http://t.co/VuyC1DH28o”",1
"http://t.co/VvMbg5ZsCb""",1
"http://t.co/vvOqZda02c",1
"http://t.co/vvX6cJmv7d",69
"http://t.co/vVykVQQZTw""",1
"http://t.co/VW8kfbl18U”",1
"http://t.co/VWaQvuJcnS""",1
"http://t.co/vwDIr2FonC",2
"http://t.co/VWiwb217hE",1
"http://t.co/Vx0JarS1uX”",1
"http://t.co/VXAoFZrHUQ",1
"http://t.co/vxt9H0Dr5Y”",1
"http://t.co/vxVIKyzC4j",1
"http://t.co/vyiYTNL89H",1
"http://t.co/VYJxkUJG2e",1
"http://t.co/vzw7WQ72IH",8
"http://t.co/W0vBwLkBYL",1
"http://t.co/w0zSfM7qjj",1
"http://t.co/w16xtkqqme",1
"http://t.co/w27byOsSJ1",1
"http://t.co/W3HKQuOs7j”",1
"http://t.co/w3K35lqLDd",1
"http://t.co/w4DrQgTKa1",1
"http://t.co/W4Jgli5HRF",1
"http://t.co/w5…",41
"http://t.co/w5FuPUJFST""",1
"http://t.co/w5LldANo0U”",1
"http://t.co/w8RkilUuZO",5
"http://t.co/w8wLrdH4yJ",1
"http://t.co/w9CNr6Ad3T",1
"http://t.co/w9gJKFGn8E",1
"http://t.co/w9LJ8isV7K",1
"http://t.co/w9P9qeZuFT",1
"http://t.co/wB6NfJladW""",1
"http://t.co/WBht6yep0t",1
"http://t.co/WBHw3dEOWE",1
"http://t.co/wBKNq0V95l”",1
"http://t.co/WbqTjgUxJG",1
"http://t.co/wbzIj7lhOt”",1
"http://t.co/wCcfNsGCza”",1
"http://t.co/WCr6CLJ7z5",1
"http://t.co/wCw4QW07cD",1
"http://t.co/wdEcIYA56w",5
"http://t.co/wdq8yqlcuL",1
"http://t.co/wdUQ6bgDh1",1
"http://t.co/WDyMbPINj1",2
"http://t.co/WEoHIj3ctN",1
"http://t.co/WeuXGieOV6",17
"http://t.co/wevpG7j7rT",1
"http://t.co/WfQjGTEt8H",1
"http://t.co/WFuNarbDl0",1
"http://t.co/wFyiGA5YSe",1
"http://t.co/WG7suyZ54f""",1
"http://t.co/wgSBm63weq”",1
"http://t.co/WGwmMS4KNZ",1
"http://t.co/whoWpJhSPP",1
"http://t.co/wHYoGVbh9U",1
"http://t.co/wI8BXnIrco",1
"http://t.co/WiK8XMMZTT",416
"http://t.co/WIPxj2e7Xj",1
"http://t.co/WIyLDCWev3",1
"http://t.co/wjOQNWNtJE”",1
"http://t.co/wJzchZ4FNg”",1
"http://t.co/wKea9EudSC",1
"http://t.co/wkRCAU178B”",1
"http://t.co/wlEzXAiuJH",1
"http://t.co/wmCdCCchfB",1
"http://t.co/wmekyNpk",12
"http://t.co/WMiQtxPgtj",2
"http://t.co/wMtgvxBDMI",1
"http://t.co/WN2dEWR9zc""",1
"http://t.co/wn7Z7eymkI""",1
"http://t.co/WNbFQEEa3e""",1
"http://t.co/wNitPP2oSn",1
"http://t.co/WnUOTc6RLM",1
"http://t.co/WNy2LX1WGi",11
"http://t.co/WoLZToClIy",2
"http://t.co/WPaKuDIuI2",1
"http://t.co/wpdwZINtj7",1
"http://t.co/wq9FUrNTfE",1
"http://t.co/wq9PC8NGgc",1
"http://t.co/wQyKg8ghTr",2
"http://t.co/wqZ0x4eUfx",1
"http://t.co/WQztmPEPtW”",2
"http://t.co/wrBgpKMhcg",1
"http://t.co/wrfxBWtqkM”",1
"http://t.co/wrqVwxUh13",1
"http://t.co/wruC5E0xue",2
"http://t.co/WS…",1
"http://t.co/WsBX…",1
"http://t.co/WsBXot4Qmt",1
"http://t.co/WSdtBKNTCw”",1
"http://t.co/wSOiNqyud0”cuz",1
"http://t.co/WSsrKWczuO",1
"http://t.co/wsyYdqqbJ6",4
"http://t.co/WT5DvNx2lu",1
"http://t.co/WtgDyqEENj",3
"http://t.co/WTJ2nCqecr",9
"http://t.co/Wu0agMDBo0",1
"http://t.co/Wu3R77ecOs",1
"http://t.co/wUrOSLRwFz",1
"http://t.co/WusIEyHKMy",4
"http://t.co/WvEzW0sfOB",1
"http://t.co/WvLwHuPSPF",5
"http://t.co/WvmoPVmQRy”",4
"http://t.co/wvNCzKJzne",2
"http://t.co/WvS0zgC81h",1
"http://t.co/wW3AF3hhrn",1
"http://t.co/wWa6kxtujP",1
"http://t.co/wWV88aj7aW",1
"http://t.co/wwW1AD91Z3”",1
"http://t.co/WwYDIjYgat",9
"http://t.co/wX3eJNkyE4",2
"http://t.co/wXLf9TnQcD",1
"http://t.co/wXzd0dcI9g",1
"http://t.co/wy0lGLDXHM",1
"http://t.co/wYxRtAOLGA",2
"http://t.co/Wzim51hjLv",27
"http://t.co/WZlVCROM1o""",1
"http://t.co/wzOwNcn3Cg”",1
"http://t.co/X2HUW2FsnZ",1
"http://t.co/x3VUnijSLh",1
"http://t.co/x3XUT7nkCj”",33
"http://t.co/x4hJkp5q7j",1
"http://t.co/x4n7Ums7E7”",1
"http://t.co/x4zwuYZaTi",1
"http://t.co/X5G3Ku3rYG",1
"http://t.co/X5RDx1gc3s",1
"http://t.co/X6UMNJEcRO",1
"http://t.co/X7ibPrJ7zZ",1
"http://t.co/X7IOrDMaQd",1
"http://t.co/x7SHrX5ntU",1
"http://t.co/x83BsSJyqU""",1
"http://t.co/x8FT6jHd2a",1
"http://t.co/X8sx190Sv9",1
"http://t.co/X9mzAx0yg6”",1
"http://t.co/x9NwlJd74X",1
"http://t.co/X9RFt53nRa",2
"http://t.co/XAPYXbR7Nd”",1
"http://t.co/xAYNmPK2dX""",1
"http://t.co/Xb1Rllcgw5",1
"http://t.co/xBrmOZKek2",1
"http://t.co/xBSyeb90Ah",1
"http://t.co/XcE0pOc4Sc",1
"http://t.co/XcGmBkVl17",1
"http://t.co/xcokGLOY5z",1
"http://t.co/xcYyD39RoE”",27
"http://t.co/xdCLI1ugzJ",1
"http://t.co/XdFTHgyNM7",1
"http://t.co/xDjpr7CgRV",1
"http://t.co/xDM9cndhUm”",1
"http://t.co/XeP0CtzUTx",1
"http://t.co/XETY2r7xoy",1
"http://t.co/xevb3G4e0f",1
"http://t.co/XfEBinuNLF",1
"http://t.co/XFGeyIluaG",2
"http://t.co/xG9lzFEAEv",1
"http://t.co/xgCZJJTpMH",1
"http://t.co/XgDKedCWCS",2
"http://t.co/xgnAJpeVTr",8832
"http://t.co/XgOEFOLLYc",1
"http://t.co/XhSpzCA6ib",2
"http://t.co/XHvf57MnoV",1
"http://t.co/Xi4JvlFHPn",3
"http://t.co/XIdipY7PRN""",1
"http://t.co/XihFLbbbzk",1
"http://t.co/xIxlfoDY1M”",1
"http://t.co/XJi5tMo3jW",1
"http://t.co/XjMOmVdLut”",1
"http://t.co/xjvlYviWNf",3
"http://t.co/XKJFl…",3
"http://t.co/XKJFl2dGAo",1
"http://t.co/xkRbzz7nos",1
"http://t.co/xlwyYQa8oX",1
"http://t.co/xM0kbTSSNm”",1
"http://t.co/XMsWJRtIQU",1
"http://t.co/xMYa3iKgD2”",1
"http://t.co/XNCQaMae87”",1
"http://t.co/XNEV3epEma",1
"http://t.co/XOkYMgckuq",1
"http://t.co/XooTIg4jJ9",1
"http://t.co/Xoqdtdb5TZ”",1
"http://t.co/xP4AkLaWgv",1
"http://t.co/xPPrXLRyrt",1
"http://t.co/XqgbiFokzx",1
"http://t.co/xr9RZEsz70",3
"http://t.co/xRBXoLoeKk",1
"http://t.co/Xrc4rHXp2C",1
"http://t.co/Xsa2BMoJCI",1
"http://t.co/xSmWNusMW7”",1
"http://t.co/xsvPzCVfy6”",2
"http://t.co/xt3k2nmVzj",1
"http://t.co/Xt74mfKTYe",1
"http://t.co/xTB54Vbcwq",1
"http://t.co/xtknOOKOSb",1
"http://t.co/xtVxHrPxjI”",1
"http://t.co/XueGPOwW2w",4
"http://t.co/xUZY64k3QR”",1
"http://t.co/xVM45Zidfp",1
"http://t.co/xVpmSWu7jX”",1
"http://t.co/XwdJSFUWLu",1
"http://t.co/xWfJpJ0wfz",1
"http://t.co/Xwgb0r8pKA",1
"http://t.co/xWJIwazzc7",2
"http://t.co/XXlE9LeZAw",1
"http://t.co/xXqCMnzJfT",1
"http://t.co/XYEW7sxcq2",1
"http://t.co/XyJxBUFJiA”",1
"http://t.co/xYQDc1HVHw",1
"http://t.co/xyYhEOeMbr",1
"http://t.co/y0EbNTefS8",7
"http://t.co/Y1lNeQWZP2""",1
"http://t.co/y2RXA319f9",1
"http://t.co/Y2zCzEpyYT",1
"http://t.co/Y5zAkSDAbF",1
"http://t.co/y6tgGZfiCG",1
"http://t.co/y7kBmAHw5t",1
"http://t.co/y8ZpuVRbkN",2
"http://t.co/y91HkqY4Ot",2
"http://t.co/yABWLKwDb2",1
"http://t.co/yAETURUG2G",1
"http://t.co/yaMZ0ZXvyB",1
"http://t.co/yasFuBLjwu",1
"http://t.co/yBblPEHQhy",3
"http://t.co/YBFilZQ8MB",1
"http://t.co/yBk7QeYsEk",1
"http://t.co/yBQyuVmGer",5
"http://t.co/ybWwx6cAtJ”",1
"http://t.co/YCfGgYb35a”",1
"http://t.co/YCpudGsJpv”",3
"http://t.co/ycSKyfYzRX""",2
"http://t.co/yCsthb3hKW",4
"http://t.co/yeGXgoP22y",2
"http://t.co/yErj9VImkt",2
"http://t.co/YfXuTeGGoo",1
"http://t.co/ygfhyIIGGi",1
"http://t.co/ygnzMPg7jL)",3
"http://t.co/yGreC2PRXR",2
"http://t.co/YGUBCpCPmK",1
"http://t.co/yGzJPncVCa",3
"http://t.co/Yh3OECDyZW",1
"http://t.co/yH6RHPDJA6",1
"http://t.co/Yhc9qVEYHm",1
"http://t.co/Yigwmtmh3R",1
"http://t.co/yiInO5bqaA”",1
"http://t.co/YIpF2BBF3z",7
"http://t.co/YIPUTb59kh",1
"http://t.co/yJD8RjBz4T",1
"http://t.co/YjIcSCwwlZ”",1
"http://t.co/YJqAWn2F7E",1
"http://t.co/YK2sZTbZvP",1
"http://t.co/YKC…",5
"http://t.co/YKCzdrNLyj",1
"http://t.co/ykzzWooYgu”",1
"http://t.co/Yln3106jKI",1
"http://t.co/YlY6qwrK2q",1
"http://t.co/YMaqF2dYV2",1
"http://t.co/YMbXl4LT0u",9
"http://t.co/yMwvzjkFO8",1
"http://t.co/ynkd8YQ16t",1
"http://t.co/YnrFvAaWmJ",1
"http://t.co/yNuhXZ98NT",2
"http://t.co/YOKBlbtixd",1
"http://t.co/yolj1Yy7uC""omg!!!",1
"http://t.co/YOmwTdd0xb",1
"http://t.co/yOwj1B3zKi",1
"http://t.co/yOwJfHtPvv”",1
"http://t.co/YQEzQUOpAz",1
"http://t.co/YqXcYqo9ge",1
"http://t.co/yqxnjq4vQu""",1
"http://t.co/Yr7…",1
"http://t.co/yrCOnL9kj0",1
"http://t.co/YRjtdvxmrL",1
"http://t.co/yRKIcMYYJj",1
"http://t.co/yRmdXyd4Xv",1
"http://t.co/yScOO2Cla0",1
"http://t.co/YSMOQO4GqO""",2
"http://t.co/YSNzYrv9rn",1
"http://t.co/yT1Ij0wpWk”I",1
"http://t.co/ytZBOZ1ptg",1
"http://t.co/YU78KK81w8.",1
"http://t.co/yuFIE7k1fg”",1
"http://t.co/Yufmg0AhZE",1
"http://t.co/yuJqWrwaYA",1
"http://t.co/YUSajWZbcr",1
"http://t.co/Yusp48pIXY”",1
"http://t.co/yv8…",2
"http://t.co/yv8FmMO3ph",1
"http://t.co/YV9hsI7a0i""",1
"http://t.co/ywymkUOxcG",1
"http://t.co/yxJM58t55S”",1
"http://t.co/YxneEyh2Mc",1
"http://t.co/YXuSVlHhS0",1
"http://t.co/yxziU4PjRX",1
"http://t.co/yyFONNVXSP",2
"http://t.co/YzeIFpkNtF",1
"http://t.co/YzrIJ8ewvQ",1
"http://t.co/YZs5NOMt28""",1
"http://t.co/YZuDSZNCEG”",1
"http://t.co/yZVkOH0mLD",1
"http://t.co/Z0AyJ82Nxz",1
"http://t.co/Z0PxRCfnDE",11
"http://t.co/z1GmG7mU4m",1
"http://t.co/Z1icDWVIXL""",2
"http://t.co/z2ab3ecU3G",1
"http://t.co/Z2rg3tebyK",1
"http://t.co/z3YGF6fVol",1
"http://t.co/Z4juX5Nux5",1
"http://t.co/z4NncD7BZZ",1
"http://t.co/Z55hSJtQ15”",1
"http://t.co/z5c54VNisB”",1
"http://t.co/z5CLY2ilDo""",1
"http://t.co/z5HMdL2Hie",1
"http://t.co/Z5KGqafsS6",1
"http://t.co/Z5Rajr860N",1
"http://t.co/Z6cD01cwhD",2
"http://t.co/z7PY1cV2Cw",1
"http://t.co/Z8Ms67itMX",1
"http://t.co/Z8ochoAfjJ",1
"http://t.co/z9na9unZOF",1
"http://t.co/z9xnsjuGpw",1
"http://t.co/zAH0dnuELu""",1
"http://t.co/zam2XW3Lof”",1
"http://t.co/zAUfHndzvy",1
"http://t.co/zaw9dSBQOQ""",1
"http://t.co/zb1jUyHBgL",3
"http://t.co/zBfoulp4ww”",1
"http://t.co/zCcA11fDWI”",1
"http://t.co/zcNvx5rbTf",1
"http://t.co/Zcp9ZAOUsC",1
"http://t.co/zD9FYMvXR0""",1
"http://t.co/ZdrqvB7z6Q",1
"http://t.co/zecAOWDfqt””",1
"http://t.co/ZehKZyTq5M",1
"http://t.co/ZeppzxzQuo",1
"http://t.co/zfJ7WHoHMh”",2
"http://t.co/zFQj…",23
"http://t.co/zFQjDMLkNU",1
"http://t.co/zFwJQqm0Xc",1
"http://t.co/ZfxuUQZPRT",1
"http://t.co/ZfyDOknWZU",1
"http://t.co/ZGFKHO8rJm",1
"http://t.co/zGJBsoZG6C",1
"http://t.co/zHCkx8bPQu”",1
"http://t.co/ZHERBKvzdM",2
"http://t.co/zHwHagyYDK",2
"http://t.co/zi5cSjiIba”",2
"http://t.co/ziySxGD55a",1
"http://t.co/zjKfeSJfCK",1
"http://t.co/zjMzlZTO…",1
"http://t.co/zjMzlZTOJT",1
"http://t.co/zJub0dT2RL",1
"http://t.co/zKDC5…",1
"http://t.co/zKDC589Ax8",1
"http://t.co/zKdYCm3NnO",1
"http://t.co/ZkRxKgorOc",1
"http://t.co/zL7MXBxix6",2
"http://t.co/zl8BKpctNq",1
"http://t.co/zlEZqxHdPE",2
"http://t.co/ZlqazOb6GQ",1
"http://t.co/ZMcmdaxzeZ",1
"http://t.co/ZmfNZOZ1js",1
"http://t.co/ZMS9KUOiOJ",1
"http://t.co/ZmxY1ZuBk1",1
"http://t.co/ZnDjd5vvgt",1
"http://t.co/ZNdwYQfRLc""",1
"http://t.co/zO4DiS0yQy",1
"http://t.co/zoLv93T8z2””",1
"http://t.co/zOPwnkw9An",1
"http://t.co/zoX6zyAixN",1
"http://t.co/ZOzj34p7YF",1
"http://t.co/ZP9yaPV1Jw",15
"http://t.co/ZPHwG9YOIS""",2
"http://t.co/ZpIJFAZuUl",1
"http://t.co/ZpQof32cFj",1
"http://t.co/zqmHL1TYVo",5
"http://t.co/Zr6EHoI2EP”",1
"http://t.co/zrN0PurFvT",3
"http://t.co/Zsb4juRvgY",1
"http://t.co/ZsnQS7YOd9",1
"http://t.co/ZtA6RSQ8f6",1
"http://t.co/ZtAlHBraRr",2
"http://t.co/ZTX0eW6iH2",19
"http://t.co/zUY9BtYZ",49
"http://t.co/ZV2XmuUGa4”",1
"http://t.co/ZV7vNXsmAa",1
"http://t.co/Zwd41H0zXx",1
"http://t.co/Zwg7lgk5x3",1
"http://t.co/zx6vBNuH7B)",1
"http://t.co/Zx7qaU74jq",1
"http://t.co/ZXdVpsiGI8",68
"http://t.co/zXZ6Ox0bwk”",1
"http://t.co/zY3E8Foqa7",3
"http://t.co/ZyIfjssNpD",1
"http://t.co/zYJGO3vPJ0",1
"http://t.co/ZYNQxff27P”",1
"http://t.co/ZYPcH6sIrP",1
"http://t.co/zzT8wIkgW4",1
