"","x"
"manhunt",9621
"freejahar",1408
"boston",1350
"troycrossleytruth",1130
"bostonbombing",708
"2",603
"freedzhokhar",536
"innocent",531
"bostonmarathon",428
"pat…",368
"livestrong",334
"watertown",334
"lifeguardoftheyear",316
"self…",281
"bostonstrong",273
"bostonbomber",245
"troycrossleytrust",240
"thatscray",211
"endw…",203
"truth",195
"merica",191
"tragic",183
"thingsyoudontyellwhenenteringaroom",174
"bostonmanhunt",163
"louisville",159
"2's",153
"justiceforjahar",152
"louisville”",148
"intensedream",143
"setup",127
"free",126
"1",121
"prayforboston",120
"fbi",112
"justicefortsarnaevbrothers",109
"storify",109
"uph…",104
"thugliving",100
"usa",100
"dzhokhartsarnaev",98
"bostombombing",97
"prayfortsarnaevbrothers",91
"3hunna",90
"heavy",89
"dzhokhar",87
"prayf…",79
"iwasonsomefuckery",75
"america",72
"cnn",71
"ff",69
"imlockeduptheywontletmeout",69
"chechnya",67
"suspect2",67
"terrorist",66
"",65
"tcot",64
"bostonbombings",63
"jahar",62
"prayforbosto…",59
"twitter",59
"rapreligion",58
"louisville""",56
"tsarnaev",56
"…",54
"captured",54
"bostonterror",53
"sleep",53
"shemygoto",52
"framed",51
"justice",51
"jaharnators",50
"ilove",48
"ridingdirty",48
"theniggerfamily",48
"creepy",47
"recordstillclean",47
"speedingticketappealed",47
"theyllnevercatchme",47
"fuckyou",46
"cleaallyy",45
"chillout",44
"bostonb…",43
"dagestan",43
"pray4jahar",43
"troycrosselytruth",43
"bostonbombers",42
"godyallsomebrokeboys",42
"bomber",40
"idiots",40
"justforthisoneday",40
"mentionsomeoneyoucareabout",40
"saidnooneever",40
"staystrong",39
"freedzokhar",38
"happymothersday",38
"humanraceprobl…",38
"imtalkingaboutmypillows",38
"jaharnator",38
"انفجار_بوسطن",37
"iwentthere",36
"suspect",36
"coward",35
"islam",35
"jaharisinnocent",35
"throwback",35
"bost…",34
"proof",34
"rotinhell",33
"tr…",33
"tragic”",33
"comejoin",32
"crazy",32
"letsmakeitawkward",32
"sick",32
"imissthatman",31
"nofilter",31
"proving",30
"russian",30
"shithappens",30
"livelife",29
"troycrossleytr…",29
"w…",29
"wtf",29
"falseflag",28
"life…",28
"smh",28
"deadbomber",27
"eminem!!!",27
"fr…",27
"freetheinnocent",27
"gta",27
"livestrong”",27
"f…",26
"feeejahar",26
"missingpieces",26
"prikol",26
"pussy",26
"bitch",25
"in8thgrade",25
"lifeguardoftheyear”",25
"prayforjahar",25
"suspicious",25
"t…",25
"thingsyoudontyellwhenenteringaroom""",25
"boston.",24
"itsnotallmusic",24
"troycros…",24
"1""",23
"bombing",23
"chechnyanpower",23
"imflattered",23
"intensedream”",23
"standfortheinnocent",23
"tmlt",23
"dirtydogs",22
"goodmorning",22
"idiot",22
"lieswetellourselves",22
"murderer",22
"scum",22
"thatshitsgross",22
"جوهر_تسارناييف",22
"burninhell",21
"freejah…",21
"justice4jahar",21
"praying4boston",21
"someofitisbullshit",21
"thingsyoudontyellwhenenteringaroom”",21
"2.",20
"bostonbombings,",20
"followfriday",20
"free…",20
"pieceofshit",20
"weird",20
"imhurtinginside",19
"jaharisin…",19
"livestrong""",19
"lol",19
"sorrynotsorry",19
"تفجيرات_بوسطن",19
"ap",18
"jihad",18
"judgeme",18
"marathon",18
"staystrongjahar",18
"2)",17
"bostonmaraton",17
"dirtierhumans",17
"dorner",17
"dzokhar",17
"hellyeaa",17
"murica",17
"scumbag",17
"wow",17
"3hunna""",16
"gotohell",16
"imlockeduptheywontletmeout”",16
"irony",16
"j_tsar",16
"mindfuck",16
"nomorepain",16
"rt",16
"socialmedia",16
"terrorism",16
"4wordsaftasex",15
"asshole",15
"bmw",15
"bmw”",15
"freej…",15
"fryjahar",15
"fuckpoliticalscience",15
"guilty",15
"in3rdgrade",15
"shitcray",15
"2,",14
"awkward",14
"bostonbombs",14
"college",14
"fb",14
"hedidit",14
"suspect2.",14
"tamerlan",14
"thatscray”",14
"thugliving”",14
"wisdom",14
"yolo",14
"conspiracy",13
"craymofo",13
"cya",13
"dontdropthesoap",13
"freedzhokh…",13
"freeja…",13
"fuckthegoverment…",13
"holdyourhead",13
"intensedream""",13
"prayersforboston",13
"traitsimnotproudof",13
"traplife",13
"wordsofwisdom",13
"bostonmarathonbombing",12
"caught",12
"ch…",12
"disgusting",12
"dumbass",12
"fail",12
"failedlife",12
"failedtwitcon",12
"freed…",12
"fuckthegov",12
"godyallsomebrokeboys”",12
"justicefordzhokhar",12
"lilbro",12
"loser",12
"p2",12
"peace",12
"respect",12
"scary",12
"tgdn",12
"thanksmom",12
"thatsthatshitidontlike",12
"trorcrossleytruth",12
"waronterror",12
"winning",12
"3hunna”",11
"boston-ian",11
"dzhokharisinnocent",11
"fre…",11
"freedzohkhar",11
"innocentuntilprovenguilty",11
"jesus.",11
"kill",11
"marathonbomber",11
"mirandarights",11
"support",11
"2""",10
"boston,",10
"bostonbombing.",10
"finishingmovefriday",10
"ironic",10
"iwentthere”",10
"larrybirdjersey",10
"pathetic",10
"prick",10
"samadams",10
"sketchy",10
"suckers",10
"teamfollowback",10
"throwback”",10
"turnyourselfin",10
"wehaveplenty",10
"2:",9
"bo…",9
"boston's",9
"bostonbapt…",9
"caught""",9
"cia",9
"confused",9
"dead",9
"die",9
"explosion",9
"forgive",9
"freejahar""",9
"freemyniggajahar",9
"hopeforjahar",9
"ifyourforthat",9
"imonaboat",9
"in6thgrade",9
"jahar,",9
"justiceforall",9
"justiceforboston",9
"karma",9
"longnight",9
"muslims",9
"nwo",9
"pray",9
"rip",9
"sickfuck",9
"sleepingismyhobby",9
"sleepovereverything",9
"teamimtryingtogetsomesleepbuticantfallasleep",9
"tlot",9
"tragic""",9
"troysasuspect",9
"wakeup",9
"werehereforyoujahar",9
"تفجير_بوسطن",9
"'merica",8
"beingframed",8
"bostonsuspects",8
"breakingbad",8
"burninhellmotherfucker",8
"bye",8
"chilling",8
"cunt",8
"deathpenalty",8
"evil",8
"freedom",8
"freedzh…",8
"fsa",8
"fuckyeah",8
"getthetruthoutthere",8
"godblessamerica",8
"godyallsomebrokeboys""",8
"happymothersday”",8
"hate",8
"hedidnotcommit",8
"hesinnocent",8
"innocentuntilproven…",8
"inthemorningimusthave",8
"itsathinline",8
"itsfortheknowledge",8
"justsaying",8
"killjahar",8
"liesivetoldmyparents",8
"lifeguardoftheyear""",8
"mentionafollowerthatcangetit",8
"myjihad",8
"oh",8
"partiu",8
"remember911",8
"rotinjail",8
"sad",8
"sickening",8
"terror",8
"terror:7",8
"thatscray""",8
"theelite",8
"unbelievable",8
"yan",8
"الإرهاب",8
"ボストン",8
"bomb",7
"bornthisway",7
"bpd",7
"chechnya”",7
"democracynow",7
"ditty",7
"dontfuckwithboston",7
"dzhokar",7
"fact",7
"faggot",7
"freejahar.",7
"freejahar”",7
"fuckthemedia",7
"gitmo",7
"gotcha",7
"hotboy",7
"illuminati",7
"imamacbookrapper",7
"imsotiredof",7
"muslim",7
"myfavoritepartofthestoryis",7
"nf",7
"noparki…",7
"noproof",7
"psycho",7
"rt!",7
"shame",7
"so…",7
"staystrong""",7
"suckstosuck",7
"syria",7
"timeiwillnevergetback",7
"troycrossleylies",7
"trustme",7
"truth”",7
"weknowyour",7
"wewillfindyou",7
"youmakemesick",7
"انفجارات_بوسطن",7
"2s",6
"420",6
"abc2020",6
"bastard",6
"bomboston:",6
"bookedthenfucked",6
"boston…",6
"bostonblasts",6
"bostonbomber)",6
"bostonmarathon.",6
"canyoublameaguy",6
"countingsheepwithmyeyesopen",6
"cray",6
"disgusted",6
"dontmesswithboston",6
"fav",6
"followno…",6
"freemaxb",6
"fuckswrongwithyou",6
"gotem",6
"heartless",6
"i…",6
"insidejob",6
"itsonlyagame",6
"juancole",6
"kindrequest",6
"lies",6
"lifegua…",6
"live…",6
"lonelyisland",6
"media",6
"mehei",6
"morningwood",6
"news",6
"openminded",6
"please",6
"porsiselesofrece",6
"pos",6
"prayforboston…",6
"proud",6
"real",6
"redsox",6
"ripboston",6
"runbutyoucanthide",6
"saidthecolddrunkcollegekids",6
"scanner",6
"shitjustgotreal",6
"tooreal",6
"toosoon",6
"toosoon?",6
"war.",6
"wat…",6
"wate…",6
"wegothim",6
"whatdoidotomakeitstop?",6
"whatsthemotive",6
"الامارات",6
"السعودية",6
"الكويت",6
"قصة_…",6
"مصر",6
".uxkzmk8o6po",5
"abc",5
"askitup",5
"bitchmade",5
"bomboston",5
"boom",5
"bostenbombing",5
"boston:",5
"boston?",5
"boston""",5
"bostonmarathonexplosion",5
"bostonpride",5
"bostonsuspect",5
"byebye",5
"change?",5
"cowards",5
"crying",5
"disgrace",5
"douche",5
"dueprocess",5
"fake",5
"famm",5
"ff’ing",5
"freedzhokhar”",5
"fuckamerica",5
"fuxwithittho",5
"getittogetheryoufuckers",5
"gofuckyourself",5
"goingoutside",5
"gotchass",5
"gotheem",5
"gotyourass",5
"imlockeduptheywontletmeout""",5
"innocence",5
"innocenttillprovenguilty",5
"itsallfunandgamestil",5
"itsupthere",5
"jail",5
"justforthisoneday”",5
"justsayin",5
"killer",5
"libertarian",5
"lockedup",5
"mediaquestionsfordzhokhar",5
"mindfuck”",5
"mynigga",5
"nahjbootcamp",5
"oneboston",5
"openyoureyes",5
"prayforhumanity",5
"prison",5
"proudtobeanamerican",5
"ramadan",5
"rapreligion""",5
"rapreligion”",5
"realtalk",5
"rotinprison",5
"saidnooneever""",5
"sicko",5
"sospechoso2",5
"stfu",5
"team",5
"terrorista-tweet",5
"terrorists",5
"thugliving""",5
"ticktock",5
"timetog…",5
"trorcrossleytruth”",5
"troyc…",5
"twat",5
"unitedwestand",5
"verified",5
"word",5
"إنفجار_بوسطن",5
"بوسطن",5
"1?",4
"1......",4
"2's)",4
"addmanslaughter?",4
"afollowerthatiwannafight",4
"amanpour",4
"amen",4
"b…",4
"bestshow",4
"blocked",4
"boat",4
"bombings",4
"bombingsuspect",4
"boston_syriza",4
"bostonbomb",4
"bostonforever",4
"bostonjustice",4
"bostonmarathonbomber",4
"bostonpd",4
"bullshit",4
"cambridge",4
"chills",4
"christians",4
"cnnfail",4
"comeout",4
"compartir:",4
"deniserichard",4
"dick",4
"dirtierhumans""",4
"duh",4
"dzhokartsarnaev",4
"dzhokhartweets",4
"dzokhartsarnaev",4
"eerie",4
"feedzhokhar",4
"freedzhokhar""",4
"fu",4
"fuckedup",4
"fuckingterrorist",4
"fuckt…",4
"fundamentalist",4
"fuxwithit",4
"gameover",4
"gethim",4
"gothim",4
"growapair",4
"guilty.",4
"h…",4
"haha",4
"havefun",4
"heyboo",4
"humor",4
"innocentjahar",4
"islamophobia",4
"isoj",4
"itsthateasy",4
"jaharinnocent",4
"jk",4
"justicewillbeserved",4
"lmao",4
"louisville""..dis",4
"m…",4
"manhunt""",4
"meth",4
"mit",4
"nbc",4
"nevertooearly",4
"nothinghurtsmorethanahit…",4
"obama",4
"occupy",4
"ohwait",4
"oldschool",4
"politicians",4
"pra…",4
"prepareyouranus",4
"prt",4
"punk",4
"retard",4
"saidnooneever”",4
"scared",4
"selfishbastards”",4
"seriously",4
"shitterroristssay",4
"stay…",4
"stressfree",4
"surreal",4
"suspect2's",4
"terroristbitch",4
"terroristtweet",4
"thatstragic",4
"theresalotwedontknow",4
"tmzreports",4
"troycrosselytrut…",4
"tweetsomeoneyoufindattractive",4
"uneducatedfool",4
"wegonfindyou",4
"wemadeit",4
"what",4
"whatreallyhappened",4
"wheayeat",4
"wtfhappened",4
"youmightbearepublican",4
"бостон",4
"الله_يستر",4
"عمان",4
"1""?",3
"1""...",3
"2?",3
"3hunna”aws",3
"account",3
"allah",3
"americanliesexposed",3
"americastrong",3
"ampats",3
"andyou'reabird",3
"aremaday",3
"backchannel",3
"bangbang",3
"bette…",3
"big",3
"bilangwow",3
"birds",3
"bitch""",3
"bom",3
"bomb4bieber",3
"bomber)",3
"bombers",3
"bombingsuspecttweets",3
"bombs",3
"boston_bombing?",3
"boston:in",3
"bostonbomber.",3
"bostonbomber's",3
"bostonbombing""",3
"bostonbombing”",3
"bostonbomer",3
"bostonboming",3
"bostonterrorist",3
"burnone4mcgee",3
"cambridgeinsider",3
"capitalpunishment",3
"catchhim",3
"cbsnews",3
"cela",3
"chechnyanpower”",3
"chicken",3
"cis…",3
"cockmeatsandwich",3
"collegeproblems",3
"controversial",3
"crazypeople",3
"curious",3
"cute",3
"deathsentence",3
"deletingyou",3
"dickhead",3
"dirtbag",3
"does…",3
"dumb",3
"dumbfuck",3
"dzhokha…",3
"eatshit",3
"execution",3
"eyeforaneye",3
"failed",3
"findhim",3
"fishyyyyyy",3
"fivestars",3
"follow",3
"followers",3
"freedz…",3
"freedzhokar",3
"freedzohkh…",3
"freejahar!!!!",3
"freejohar",3
"freejtsar",3
"freemynigga",3
"freethein…",3
"fridayfollow",3
"fuckboston",3
"fuckingidiot",3
"fuckjahar",3
"fuckmedia",3
"fuckterrorism",3
"fuckthegovernment",3
"fyi",3
"getalife",3
"gethip",3
"getyourfactsright",3
"giveup",3
"goingtohell",3
"gotchabitch",3
"greatminds…",3
"guantanamo",3
"guiltybyassociation",3
"he…",3
"hedidntdoit",3
"hell",3
"huhpieceofshit",3
"ignorance",3
"ignorant",3
"igotallday",3
"ihateyou",3
"imissthatman”",3
"imsad",3
"injustice",3
"innoce…",3
"islam.",3
"islamic",3
"itsover",3
"jaharishot",3
"jaharnators”",3
"jailbound",3
"jodiarias",3
"justforthisoneday""",3
"justic…",3
"justice4boston",3
"justicefordzholhar",3
"justiceforts…",3
"justiceisserved",3
"justicewil…",3
"keepitpushing",3
"kenya",3
"krayyy",3
"lifeguardoftheyear?",3
"linkage.",3
"lost",3
"loweryourwantedlevelbro",3
"man…",3
"marathonbombing",3
"maratondeboston",3
"merkcity",3
"messedup",3
"miranda",3
"morbidcuriosity",3
"motherfucker",3
"nah",3
"nastybitch",3
"neutral",3
"neverforget",3
"next",3
"no",3
"nophonefornow",3
"not",3
"notforthatlife",3
"nowplaying",3
"nut…",3
"occupyreddit",3
"omg",3
"onaboat",3
"oo",3
"oops",3
"opreddit",3
"ows",3
"patriots",3
"peacetopirates",3
"pray4boston",3
"prayfors…",3
"quran",3
"ramadan”",3
"rememberboston",3
"ridiculous",3
"rih",3
"royals",3
"runforestrun",3
"saidthemanwithfunctioningtastebuds",3
"seeyadickbag!",3
"seeyafucker",3
"selfishbastards",3
"sketch",3
"smm",3
"socialme…",3
"sot",3
"speechless",3
"staystrongboston",3
"staystrongj…",3
"stoptargettingislam",3
"supportdzhokhar",3
"suspect's",3
"suspectincustody",3
"takeurtime",3
"teamfollowback?",3
"terrorist!",3
"terrorista1",3
"thankgod",3
"thatawkwardmomentwhen",3
"thatsironic",3
"thecatcherintherye",3
"theend",3
"thingsyoudontyellwhenente…",3
"thingsyoudontyellwhenenteringaroom”this",3
"thingsyoudontyellwhenenteringaroom”wow",3
"thingsyoudontyellwhenenteringaroom”you",3
"thisistorture",3
"throwback""",3
"torture",3
"trap",3
"troycrossleyscam",3
"troycrossleytrust""",3
"troycrossleytrut…",3
"tsarnaev's",3
"tweet",3
"twitter?",3
"unamerican",3
"unfaithful",3
"unreal",3
"us",3
"waterboard",3
"waterboarding",3
"waterto…",3
"wecarejahar",3
"weknowyourinnocentjahar",3
"wereprayingforyoujahar",3
"whitehat",3
"whoa",3
"whowouldveknown",3
"woah",3
"youcanrunbutyoucanthide",3
"youcanthidethetruth",3
"youlose",3
"yourewelcome",3
"yourgoingdown",3
"yournext",3
"такиедела",3
"ب…",3
"ボストンテロ",3
"039;s",2
"1,",2
"1...",2
"1'",2
"1""???.",2
"1”",2
"16april",2
"19yearsold",2
"2...",2
"2.....",2
"2’s",2
"2nd",2
"3",2
"300",2
"40oz",2
"80000",2
"a…",2
"abcnews",2
"alert",2
"allahlahlahlahlahlah",2
"allahuakbar",2
"alohasnackbar",2
"americaalwayswins",2
"americabitch",2
"americafuckyeah",2
"american",2
"americanstrong",2
"annoying",2
"anonymous",2
"anotherbird",2
"assholes",2
"atheism",2
"atheist",2
"awesome",2
"bacon",2
"badbounce",2
"barzzz",2
"based",2
"bbaf",2
"bebravejahar",2
"bigdummies",2
"bitchnigga",2
"bitethe…",2
"bizarre",2
"bomber:",2
"bomber2",2
"bomberalert",2
"bombergroupies",2
"bomberman",2
"bombersaccount",2
"bomberstwitter",2
"bombertweets",2
"bombertwitter",2
"bombsoverboston",2
"boss",2
"bosto…",2
"boston_bombings",2
"boston_police",2
"boston!",2
"boston..",2
"boston”",2
"bostonbom",2
"bostonbomber:",2
"bostonbomber...",2
"bostonbomber&gt;&gt;",2
"bostonbomber2",2
"bostonbombin…",2
"bostonbombing?",2
"bostonbombings.",2
"bostonexplosion",2
"bostonlife",2
"bostonma…",2
"bostonmararthon",2
"bostonmarathon:",2
"bostonmarathonbomberguy",2
"bostonmarathonbombers",2
"bostonpolice",2
"bostontragedy",2
"brainwashedbymedia",2
"burn",2
"buyonegetonefree",2
"byaaaaatchxp",2
"cadeia",2
"callingit",2
"canyoublameaguy”",2
"caring",2
"cat!!!!",2
"challenge",2
"chillthefuckman",2
"cispa",2
"classic",2
"clutch",2
"cmonson",2
"comeatmebro",2
"comoassim",2
"confusing",2
"conspiracytheory",2
"countingsheepwithmyeyesopen”",2
"crazybastard",2
"crazyshit",2
"crazyworld",2
"criminal",2
"criticalcondition",2
"ctot",2
"cunts",2
"dabomb",2
"damn",2
"davechappelle",2
"david",2
"dea",2
"deadmanwalking",2
"death.",2
"deathbed",2
"deathtoyourcandyass",2
"diemotherfucker",2
"disgust",2
"do",2
"dontfreejahar.",2
"dontmesswithamerica",2
"dontmesswithusa",2
"dothemath",2
"douchebag",2
"dueprocess!",2
"dunecoon",2
"dzhokartsarnaev?",2
"dzhokartsarnaev's",2
"dzhokhartsarnaev.",2
"dzjochartsarnaev",2
"eatmydick",2
"eery",2
"eminem",2
"epicfail",2
"evenhismommaknowit",2
"facts",2
"fbiboston",2
"fenway",2
"fingerscrossed",2
"fml",2
"followback",2
"fools",2
"foreshadowing",2
"forget",2
"foxnews",2
"framing",2
"freedomofspeech",2
"freedzhokhar,",2
"freeheem",2
"freehim",2
"freehim""#freeheem",2
"freej_tsar",2
"freejahar#freedzhokhar",2
"freejizz",2
"freepalestine",2
"freethehomie",2
"fright",2
"frightism",2
"fromiowa",2
"frontier",2
"ftl",2
"fuck",2
"fuckallthisislamist",2
"fuckboy",2
"fucked",2
"fucker",2
"fuckery",2
"fuckhim",2
"fuckoff",2
"fuckpoliticalscience”",2
"fuckrussia",2
"fucksake""",2
"fuckterrorists",2
"fuckthisguy",2
"fuckya",2
"fuckyouterrorist",2
"funny",2
"gbay",2
"getglue",2
"getout",2
"getreal",2
"getthefuckouttahere",2
"getwellsoon",2
"gibberishtweet",2
"giveupucoward",2
"gladhescaught",2
"goamerica",2
"godbless",2
"godblessboston",2
"godhatesboston",2
"godie",2
"godknows",2
"godsees",2
"goodnight",2
"goodonyacoward",2
"gop",2
"gothiseyesopen",2
"gotohellbitch",2
"gotyou",2
"gov",2
"government",2
"greatmindsthinkalike",2
"ha",2
"hahaha",2
"hang",2
"happydays",2
"harlemshake",2
"havefuninhell",2
"he",2
"heartbreaking",2
"hedidit.",2
"heisinnocent",2
"herb",2
"hesinjaildumbass",2
"hide&amp;seekchamp",2
"hideandseek",2
"highlyunlikely",2
"hihihi",2
"hijodeputa",2
"hmu",2
"hoax",2
"hopehelikesthedihhhhh",2
"hopeyoudie",2
"hopeyoulikeyoursausageraw",2
"horrible",2
"howconvenient?",2
"howcouldyoudothis",2
"howdoyoufeel",2
"howyoufeelbruh",2
"humanrights",2
"hypocrite",2
"idontthinkso",2
"ifuckedyoursister",2
"ijs",2
"ill…",2
"illuminati.",2
"imscared",2
"imsorryilaughedatmyownjoke",2
"incustody",2
"indenial",2
"indian",2
"indonesia",2
"inlove",2
"inn…",2
"innocen…",2
"innocent”",2
"innocentman",2
"innocentuntilfoundguilty",2
"innocentuntilprovenguilty!",2
"ins…",2
"insane",2
"interesting",2
"investigativejournalism",2
"islam!",2
"ithinknot",2
"itsupthere”",2
"iwentthere""",2
"jahar.",2
"jaharanators",2
"jaharnator""",2
"jaharnators""",2
"jailbait",2
"joli",2
"ju…",2
"jus…",2
"justi…",2
"justiceforjaha…",2
"killers",2
"killhim",2
"killyourself",2
"l…",2
"laststand",2
"later",2
"lawschool",2
"legend",2
"letangelsfly",2
"letjhargo",2
"libcrib.",2
"lieswetellourselves""",2
"lif…",2
"lifeguar…",2
"lifeguardof…",2
"lifeguardoftheyear”wow",2
"lifeguardoftheyear”wtf",2
"lightsout",2
"littlebitch",2
"livelife”",2
"livetweet""",2
"lol”",2
"lolwut",2
"lovestruck",2
"lt",2
"luckyday",2
"mad",2
"makesmesad",2
"makesmesick",2
"makessense",2
"makhachkala",2
"malcomex",2
"marathonbombings",2
"marettsarnaev",2
"marklevine",2
"martinrichard",2
"mbahhye",2
"mediasfeedinguslies",2
"memes",2
"mentionafollowerthatgaveyouhead",2
"mercy",2
"merica”",2
"milkduddylsexia",2
"mindblowing",2
"missingpieces”",2
"mitshooting",2
"morbid",2
"moron",2
"msm",2
"msmwontreportthis",2
"msnbc",2
"murder",2
"murderer!",2
"muslimdbag.",2
"myob",2
"naemanners",2
"nbd",2
"neocon",2
"neocons",2
"nocomment",2
"nomercy",2
"nomoney,",2
"noout.",2
"nopunint…",2
"notaterrorist",2
"nottightbutthole",2
"np",2
"nutella",2
"nutter",2
"nutters",2
"officiallyconfirmed",2
"onsight",2
"osf",2
"ouch",2
"ourgovisfuckedup",2
"payattention",2
"philippines!",2
"pig",2
"podcast",2
"police",2
"poorguy",2
"pray4boston”",2
"prayforbomber",2
"prayfordzhokhar",2
"praying",2
"preach",2
"prikol""",2
"prikol”",2
"proofplz",2
"proveit",2
"proven",2
"pt",2
"punishmentbeyondearth",2
"pus…",2
"pvv",2
"quotes",2
"readbetweenthelines",2
"realmadrid",2
"realtwitter",2
"redsox2013",2
"redsoxnation",2
"religionofpeace",2
"rent",2
"retweet",2
"riptamberlan",2
"rns",2
"rot",2
"rottinhell",2
"sachezle",2
"sadderday",2
"sandyhook",2
"sarcasm",2
"sarcasticonomatopoeia!",2
"satan",2
"save",2
"savejahar",2
"scarerism",2
"scaryshit",2
"schoolboyerror",2
"screwed",2
"secondamendment",2
"seemslegit",2
"seeya!!",2
"sekilasinfo",2
"setup!",2
"share:",2
"shaveballsfirst",2
"sheep",2
"shieeeeeet",2
"shit",2
"shitcray”",2
"shitgotreal",2
"shithappens""",2
"shithead",2
"shocking",2
"shotsfired",2
"showertrain",2
"showusyourface",2
"sickbastard",2
"sickfucker",2
"sickpeople",2
"siiiike",2
"sintonizadosteinforma",2
"sjj""",2
"sleepingismyhobby”",2
"sm",2
"sneaky",2
"sociopath",2
"somanyquestions",2
"someofitisbullshit”",2
"somethingtastesfunnyinthiscake",2
"sotrue",2
"sprint",2
"ssm?",2
"stagedterror",2
"stans”",2
"stickaneedleinhim",2
"stop",2
"stopthemadness",2
"straight2hell",2
"straightrapingyou",2
"stsystrongjahar",2
"stupidnigga",2
"suckit",2
"suckstobeyou",2
"sus",2
"tag",2
"tatatata",2
"teamjizz",2
"technology",2
"terribletwittercomeback",2
"terrorist...",2
"terrorista",2
"terroristgroupies",2
"terroristproblems",2
"terrorists#1",2
"terroristtweets",2
"thebostonbombers",2
"thegovernmentlies",2
"thenerve",2
"thespins",2
"thestruggle",2
"thethirstisreal",2
"thetruth",2
"theywillfindyouprick",2
"thingsyoudontyellwhenenteringaroom”the",2
"think",2
"thinkagain",2
"this!",2
"thuglife",2
"toobadforyou:(",2
"tooreal""",2
"torturehim",2
"torturehisass",2
"torysasuspect",2
"towelheads",2
"toystory",2
"traplife”",2
"trippy",2
"troycrossley",2
"troycrossleyisanidiot",2
"troycrossleytrust”",2
"troycrossleytruth""",2
"troycrossleytruth”",2
"trueorfalse",2
"trustnoone",2
"truthforjahar",2
"truthwillprevail",2
"truthwithcarly",2
"tsarnaev,",2
"tsarnarvbrother",2
"tsarneav",2
"turnurselfin",2
"tweeted",2
"tweetlikeaterrorist",2
"tweetsdelquepusolabombaenboston",2
"twitter.",2
"ucandoit",2
"uncleruslan",2
"unfollow",2
"unfollowed",2
"unzapepara",2
"usa1",2
"usagotheem",2
"usausa",2
"verifyhim",2
"victory",2
"voteguz",2
"wanted",2
"water…",2
"watert…",2
"watertown.",2
"watertown”",2
"we…",2
"wecare",2
"wecomingforyou",2
"welcometogitmo",2
"wellplayed",2
"weregoingtohell",2
"wereherefory…",2
"werehereforyou",2
"wewantthetruth",2
"wewin",2
"whatever",2
"whathappened",2
"whereyouat",2
"whitehattweet",2
"whitesnake",2
"whoknew",2
"whoknew”",2
"why",2
"whyhaven'tthey?",2
"wildandfree",2
"withtheexeptionofthosewhod…",2
"wo…",2
"womp",2
"worstplanever",2
"wrong",2
"wtf?",2
"wth",2
"wut",2
"yeamean",2
"yolo""",2
"youaresick",2
"youfeeldefeated",2
"youknowthisman",2
"yourefucked",2
"yourenextbitch",2
"youwillpay",2
"zeitgeist",2
"сша",2
"ﺗﻔﺠﻴﺮﻱ_ﺑﻮﺳﻄﻦ",2
"ﺗﻮﻳﺘر",2
"عمان”",2
",",1
":-s",1
":&amp;+%",1
"!",1
"?",1
"...",1
"&amp;k",1
"%",1
"$%",1
"$%&amp;",1
"1-deceased)?",1
"1'.",1
"1“@j_tsar:",1
"187",1
"1down1lefttogo",1
"1dsucks",1
"1love",1
"1starstatus",1
"2----&gt;",1
"2---&gt;&gt;&gt;&gt;",1
"2!",1
"2..",1
"2...pretty",1
"2...so",1
"2'",1
"2'a",1
"2's""",1
"2"",",1
"2""....creepy",1
"2020",1
"20percentleftmyass",1
"251days",1
"2ndamendment",1
"2ndbomber",1
"2ndsuspect",1
"2ndsuspecttweet",1
"2s""",1
"3hunna""”",1
"3hunna""&lt;&lt;&lt;&lt;",1
"3hunna""true",1
"3hunna”lml",1
"3morehours",1
"4/20",1
"420.",1
"4chan",1
"5dayweekend",1
"5dayweekend”",1
"711",1
"72virgins",1
"9/11",1
"911",1
"abreoolho",1
"absolutelynot",1
"ac360",1
"acadie",1
"addinglevity",1
"admitsone",1
"advice",1
"afollowerthatiwanttofight",1
"again",1
"agreed",1
"aintnobodyfuckinwithmycity",1
"aintnomo",1
"airhead",1
"aleikum",1
"alifeofassrape",1
"all…",1
"allah,",1
"allah!",1
"allah!""",1
"allahislamquran",1
"allahsnackbar",1
"allday",1
"alldone",1
"alleged",1
"allu4",1
"alqaeda",1
"alquieda",1
"always",1
"amateur",1
"amazeing",1
"amazing",1
"amazingtechnology",1
"amen....",1
"america!",1
"america!!!!",1
"america's",1
"america1",1
"americababy",1
"americabitches",1
"americadoesntlikeyou",1
"american…",1
"americanconspiracy",1
"americandream",1
"americanpeople",1
"americanpride",1
"americans",1
"americasmostwantedproblems",1
"americawillfindyou",1
"americawillpr…",1
"americawillprevail",1
"americawins",1
"amicoolnow?",1
"amused",1
"amygoodman",1
"andadick",1
"anddiepathetically",1
"andwewilllikeitthatway",1
"andyesijusttweetedhim",1
"angels",1
"angrytweet",1
"annoyed",1
"anonfamily",1
"anons",1
"anonymo...",1
"anonymousmotto",1
"anotheroddthingaboutthebombing",1
"answers",1
"antizionist",1
"anzhi",1
"apoemfordzokhar",1
"april2013",1
"areyoublind",1
"argument",1
"arias",1
"arrestthismothafucka",1
"artpop",1
"aryannation",1
"asgoodasdead",1
"ashamed",1
"ashamed.",1
"ashamedofhim",1
"asif",1
"asign?",1
"asilodijo",1
"askmike",1
"ass",1
"assad",1
"assange",1
"asshat",1
"assholeoftheyear",1
"assrapeinprison",1
"asswipe",1
"atentado",1
"atentadoboston",1
"aunt",1
"aurora",1
"authorities",1
"authorities?",1
"awful",1
"awful.",1
"awk",1
"awks",1
"awpoorbaby",1
"awsome",1
"baby",1
"badlybeaten",1
"badmen",1
"badparenting",1
"badsituation",1
"baited",1
"balance",1
"ballsy",1
"bam",1
"bambam",1
"ban",1
"bangbangmotherfucker",1
"bars",1
"barz",1
"bbus",1
"be",1
"bean",1
"beat",1
"beatthatcoon",1
"bebetter",1
"becareful",1
"becareful”",1
"becausewhynot",1
"beef",1
"befair",1
"beforebomb:",1
"beijos",1
"beilbers",1
"believe",1
"believethehype",1
"bereal",1
"beseroius",1
"bettersafethansorry",1
"betyourstre…",1
"beyondbelief",1
"bieber",1
"bigbob",1
"bigbrothervip",1
"biggievoice",1
"bih",1
"billofrights",1
"billofrights?",1
"binladen",1
"birdcrew",1
"birkothursdays",1
"bitch!",1
"bitch!!!!",1
"bitchdown",1
"bitchmove",1
"bitethepillow",1
"blackbackpk",1
"blackopsstyle",1
"blackwater",1
"blamehisbrother",1
"blatantclues",1
"blazingwithabomber",1
"blessboston",1
"blessé",1
"bloodystupid",1
"blow",1
"blowhimup",1
"blowjobs",1
"bmw”oh",1
"bo",1
"boats",1
"boattweets",1
"boatwanker",1
"bodied",1
"boladão",1
"bold",1
"bollocks",1
"boloney",1
"bomb!",1
"bombas",1
"bombasboston",1
"bombásticos",1
"bomber.",1
"bomber""@j_tsar:",1
"bomber1deadpic",1
"bomberboston",1
"bomberbrothers",1
"bomberdown",1
"bomberhumor",1
"bombernumber2",1
"bomberofboston""@j_tsar:",1
"bomberproblems",1
"bomberprobs",1
"bombersfriends",1
"bombersuspect",1
"bombersuspect2",1
"bombertweet",1
"bombing.",1
"bombing""@j_tsar:",1
"bombingdrill",1
"bombings.",1
"bombingsuspects",1
"bombs+",1
"bomner2",1
"bonappetite",1
"bonkers",1
"bosronstrong",1
"bossniggasec",1
"bosten",1
"bostenbomber",1
"bostombombi…",1
"boston_bombing",1
"boston-attentäters",1
"boston-bombers",1
"boston:issa",1
"boston....",1
"boston.....",1
"boston'e",1
"boston“jahar”",1
"boston”who",1
"boston)",1
"boston1",1
"bostonbaby",1
"bostonbaptism",1
"bostonbaptism…",1
"bostonbo…",1
"bostonbomb…",1
"bostonbomber!",1
"bostonbomber""",1
"bostonbomberrt",1
"bostonbombers.",1
"bostonbombersuspect",1
"bostonbombi…",1
"bostonbombing,",1
"bostonbombing...",1
"bostonbombing""""",1
"bostonbombing=&gt;",1
"bostonbombings,19yr",1
"bostonbombings?",1
"bostonbombingsuspect",1
"bostonbombingsuspects",1
"bostonbomings",1
"bostonboombing",1
"bostonburninhell",1
"bostonconspiracy",1
"bostonfalseflag",1
"bostonftw",1
"bostongayscene",1
"bostonian",1
"bostonisstrong",1
"bostonlove",1
"bostonmanhunt""",1
"bostonmanhunt”",1
"bostonmaratho…",1
"bostonmarathon?",1
"bostonmarathon)",1
"bostonmarathon#manhunt",1
"bostonmarathonattacks",1
"bostonmarathonbomb",1
"bostonmarathonbomberromantictweets",1
"bostonmarathonbombinbs,",1
"bostonmarathonbombings",1
"bostonmarathonbombingsuspect",1
"bostonmarathonday?",1
"bostonmarathonexplosion.",1
"bostonmaratonkiller",1
"bostonmarthon",1
"bostonmbomber",1
"bostonnews",1
"bostonpolicedepartment",1
"bostonpolicewelldone",1
"bostonpoppunk",1
"bostonretaliation",1
"bostonrevenge",1
"bostonrules",1
"bostonscanner",1
"bostonschlong",1
"bostonshooting",1
"bostonslang",1
"bostonstandup",1
"bostonstrong!!",1
"bostonstrong”",1
"bostonstrongbostonsong",1
"bostonstrongmotherfucker",1
"bostonterro",1
"bostontruth",1
"bouttobeburnininhell",1
"bqhatevwr",1
"brainwashed",1
"brave",1
"breaking",1
"breakingnews",1
"breivik",1
"bridge",1
"britneyarmy",1
"bro",1
"broolstorycro",1
"brother!",1
"brother!""",1
"brotherlylove♡",1
"bruins",1
"bsoton",1
"bstrong",1
"btk",1
"buhbye",1
"bummedonthereg",1
"bummer",1
"burdentothebench",1
"burma;",1
"burnbomberburn",1
"burnhim",1
"burnhimatthestake",1
"burninhell”",1
"burninhellcoward",1
"burninhellworthlesspieceoftrash",1
"business",1
"busted",1
"busted#",1
"butactually",1
"buthescute",1
"butseriouslyitshim",1
"butthurt",1
"buttrape",1
"butyoucanrun",1
"buyamerican",1
"buzzfeed",1
"bye!",1
"c'mon…",1
"c'monjaharnators",1
"ca…",1
"caçadahumana",1
"cadauma",1
"calleditaweekago",1
"callmeaterroist",1
"callmenancydrew",1
"calloutafaggot",1
"cambrige",1
"canadablows2",1
"cancelmyballubastard",1
"candyass",1
"canigetaretweet",1
"canihaveitnow?",1
"cantclownme",1
"canthandlepikefishing",1
"canthide",1
"cantrun",1
"cantrunforever",1
"capitalpunishme…",1
"captured.",1
"capturejahar",1
"car",1
"carmenortiz",1
"carnt",1
"carteldeliquidado",1
"cat",1
"catchhisass",1
"catchsuspectnumber2",1
"catchthebostonbomber",1
"caughtyoubitch",1
"cbc",1
"celeb",1
"challenge""",1
"chappelle",1
"chargeit",1
"chechen",1
"chechenterrorists",1
"chechenya",1
"chechnya?",1
"chechnyan",1
"cheekofit",1
"cheeky",1
"chessgame",1
"child!",1
"childishflag",1
"children",1
"chill",1
"chillin",1
"chillingtothebone",1
"chirpchirp",1
"chong420",1
"christ",1
"chump",1
"chussy",1
"citizens",1
"cityofboston",1
"ckin",1
"classyfriends...",1
"classyguy",1
"claymores",1
"clingtoyourguns",1
"closingin",1
"clown",1
"clutch”",1
"cmonman",1
"cmonppl",1
"cnn,",1
"cnn”",1
"cnnbrk",1
"cnnexclusive",1
"cnnreports",1
"coachpayek",1
"cobarde",1
"cockmeatsamdwich",1
"cockmeatsammich?",1
"cockmeatsandwiches",1
"cocksmoker",1
"cod",1
"codproblems",1
"cokeboys",1
"coldblooded",1
"coldheartedpeople",1
"collateralmurder",1
"college""",1
"collegelife",1
"collegeproblems”",1
"coloradosupermax",1
"columbine,",1
"comefindme",1
"comeforwadmaninblack",1
"comeforwardmaninblack",1
"comeonguys.",1
"comeoutwest",1
"comingforyou",1
"commies",1
"compassion",1
"compassionnothate",1
"confirmingstereotypes",1
"conflicting",1
"confusedtweet",1
"consipiracy",1
"conspiracy?",1
"conspiracyconvention",1
"conspiracytheories",1
"conspiracytheorist",1
"contactme",1
"context",1
"convenient",1
"convenientbrownboywithabookbag",1
"cooked",1
"cookyourself",1
"cool",1
"coolstorybro",1
"cooped",1
"cornered",1
"corrupt",1
"couldbe",1
"couldntdoit",1
"couldntrunforlong",1
"countingsheepwithmyeyesopen”bomb",1
"countmein",1
"coveryourpooper",1
"coward!!!!!!!!!!!!!",1
"cowardhunt:",1
"crankthatsouljaboy",1
"crap",1
"crayyyy",1
"crazii",1
"crazy?",1
"crazy...",1
"crazycountry",1
"crazyfuck",1
"crazystuff",1
"crazyworldcrazypeople",1
"creeeeepy",1
"creep",1
"creepingsharia",1
"creeplife",1
"creepy.",1
"creepy""",1
"creepyish",1
"cringing",1
"crucial.",1
"cruelworld",1
"cue'em",1
"cuenta",1
"cumwad",1
"curiosity...but",1
"custody",1
"cutie",1
"cyanerds",1
"cyberbullying",1
"cyberbullytheshitoutofthisrussianfag",1
"d…",1
"da!!!",1
"dafaq?",1
"dafuq",1
"dafuq?",1
"dafuqdidhedo",1
"dailytweet",1
"damage",1
"damiedo",1
"damn!!!",1
"damnright",1
"datsolitary",1
"db",1
"deadbostonbomber",1
"deadbytonight",1
"deadchechan",1
"deadman",1
"deadmeat",1
"death",1
"deathbecomesyou",1
"deathpenaltyforbomber",1
"deathtoallterrorists",1
"deathwish",1
"decoymovements",1
"dedicated",1
"defending",1
"deletethisbitch",1
"democracynow's",1
"democracyontrial",1
"denial",1
"denver",1
"derf",1
"deservetobehanged",1
"destacadas",1
"detective",1
"detonateyourself",1
"dicen",1
"dickhead!",1
"didhereallydoit",1
"didistrikeanerve",1
"didntrunfastenough",1
"die;",1
"die!",1
"diebitch",1
"diefucker",1
"dieinhell",1
"dieslowpig",1
"dieterrorist",1
"digdeeper",1
"digitalia",1
"dingdong",1
"dirtbagscum",1
"dirtierhumans”",1
"disapointment",1
"disectingthemindofakiller",1
"disourfingcity",1
"disrespectful",1
"disturbed",1
"disturbing",1
"djhokhar",1
"djokhar",1
"djokhar.",1
"doers.",1
"doesntdeserveit",1
"doesntseemreal",1
"done",1
"donefucked",1
"dontbelievethemedia",1
"dontbeth…",1
"dontbethatguy",1
"dontbombme",1
"dontevermesswithbostonmothafucka",1
"dontfreejahar)",1
"dontfuckwithamerica",1
"dontfuckwithmerica",1
"dontfuckwithus",1
"dontfuckwithus.",1
"dontfuckwitus",1
"dontgetit",1
"donthate",1
"dontjudgeme",1
"dontmesswithmerica",1
"dontthinksobro",1
"donttreadonme",1
"donut",1
"doors",1
"dopey",1
"dorner's",1
"dorners",1
"dory",1
"doucebag!!",1
"douchebag!",1
"dousthefavor",1
"drdre,",1
"dre?",1
"dreamsdocometrue",1
"driveoveryourownbrother",1
"drones",1
"dropthatsoap",1
"dtr",1
"ducknow!",1
"duhhh",1
"dumbasses",1
"dumbbitchfriday",1
"dumbestbomberever",1
"dumbfuckers",1
"dumbpeople",1
"dumbworld",1
"dummiecantrap",1
"dunno",1
"durka!!!",1
"dzhokart?",1
"dzhokartsarnaev,",1
"dzhokartsnaeve",1
"dzhokhar_tsarnaev",1
"dzhokhar.",1
"dzhokhartsarnaev,",1
"dzhokhartsarnaev”",1
"dzhokhartsarnaev#realtalk",1
"dzhokhartsarnaevfound",1
"dzhokhartsarnaevplaylist",1
"dzhokhartsarneav",1
"dzhokhartweets!!!",1
"dzhokhartweets""@j_tsar:",1
"dzohkhar",1
"dzokhartsarneav",1
"e30",1
"eaaaaaa",1
"eagleeye",1
"easilyimpressed",1
"eatabullet",1
"eatit",1
"edu@",1
"eeuu",1
"effrayant",1
"elite",1
"eminem,",1
"eminem's",1
"ended",1
"enestemomento",1
"enjoy",1
"enjoycampgitmo",1
"enjoyhelljahar",1
"enjoyingthes…",1
"enjoyingthestupid",1
"enjoytheshowers,",1
"enjoyyourdeath",1
"enough",1
"enoughsaid",1
"erie",1
"esham",1
"esunaabsurdaopción",1
"evasive",1
"everyonehatesyou",1
"evidencefail",1
"evilbastard",1
"evilneverwins",1
"evilterrorist",1
"example",1
"excitement",1
"excrement",1
"execution.",1
"expertanalysis",1
"expose",1
"exposed",1
"eyeforaeye",1
"eyewitnessidofbombdropfromvictim",1
"faceit",1
"facepalm",1
"facethefacts",1
"fact!!""@j_tsar:",1
"fact.",1
"fact...",1
"facts.",1
"factsarehard",1
"fagggooottttt",1
"faggotfriday",1
"failure",1
"fairtrial",1
"fairtrialforjahar",1
"faith",1
"fake!",1
"fakegod",1
"falsef...",1
"falseflag!",1
"falseflag.",1
"falseflags",1
"falseflagterror",1
"fame",1
"famouslasttweets.",1
"famouslastweet",1
"fanaticalsob",1
"fascinated",1
"father",1
"fatso",1
"fbgotnothingovertwitter",1
"fbi,",1
"fbi?",1
"fbiafteryu",1
"fbicoverup",1
"fbimonitor",1
"fbisetup",1
"feelsweird",1
"feverpitch",1
"ff_my_specialツ",1
"ff:",1
"ff's",1
"ffnor",1
"ffse",1
"fiancé",1
"fight4urright",1
"fightingfor",1
"finally....u",1
"finallyfamous",1
"finalwords",1
"finddzhokhartsarnaev",1
"findingnemo..",1
"findthatbrother",1
"fireatwillboys",1
"firstamendment",1
"firstresponders",1
"fishy",1
"fishyy",1
"flowers",1
"fokjou",1
"follow4follow",1
"follow4follow?",1
"followback?",1
"followersup!?!?",1
"followfriday?",1
"following",1
"followingspree",1
"follownowanddontmissthis",1
"followthemtohell",1
"fool",1
"footballfunnieslogic",1
"forbes",1
"forboston",1
"forces",1
"foreshadow",1
"forgiveness",1
"forgivess",1
"forgotaboutdre",1
"forigve",1
"formasdeconseguirfollowers",1
"forthekids",1
"fouine",1
"foundyou",1
"framedbomber",1
"fratricide",1
"free.",1
"freeamerica",1
"freedawave",1
"freedzhokhar!",1
"freedzhokhar.",1
"freedzokhar”",1
"freeenglishlessons",1
"freegrammar",1
"freegucci",1
"freej_tar",1
"freejaha…",1
"freejahar_",1
"freejahar!",1
"freejahar!!",1
"freejahar...",1
"freejahar…",1
"freejasar",1
"freelandboatrt",1
"freetheinnocent”",1
"freethekid",1
"freetjsar",1
"freetsarnaev",1
"freeyourself",1
"freshmeat",1
"frightening",1
"frontrowski",1
"fryjahar...@j_tsar",1
"fryjtsar",1
"fu…",1
"fuck#government#fuck#news",1
"fuckahater",1
"fuckamerica...",1
"fuckapublicdefender",1
"fuckassad",1
"fuckbarcelona",1
"fuckboi",1
"fuckboys.",1
"fuckconspiracytheorists",1
"fucked“@j_tsar:",1
"fuckedhimup",1
"fuckedupman",1
"fuckeduppeople",1
"fuckeduptweet",1
"fuckedupworld",1
"fuckem",1
"fuckinganimal",1
"fuckingcriminalofbostonmarason",1
"fuckingdumbass",1
"fuckinggotohell",1
"fuckinghorrible",1
"fuckingmentalidiot",1
"fuckingscum",1
"fuckingword",1
"fuckinsicko",1
"fuckjihad",1
"fucknigga",1
"fucknpigs",1
"fucknuts",1
"fucko",1
"fuckpoliticalscience""",1
"fuckshitdamn",1
"fuckstick",1
"fucktards",1
"fuckthapolice",1
"fuckthat",1
"fuckthatguy",1
"fuckthegoverment",1
"fuckthepigs",1
"fuckthisfool",1
"fuckthisnigga",1
"fucktroycrossley",1
"fuckuandjahar",1
"fuckwithus",1
"fuckyea",1
"fuckyoself",1
"fuckyoucoward",1
"fuckyoudude",1
"fuckyourface",1
"fuckyouuu",1
"fugees",1
"fugitif,",1
"fuknretard",1
"fukterrorist",1
"fun",1
"fundamentalism",1
"funnies",1
"funnyshit",1
"funnystuff",1
"futebol",1
"future",1
"fuxwithittho”",1
"gallina",1
"gameofthrones",1
"gameoverforyou",1
"garden",1
"gasp",1
"gaza",1
"gbaybaby",1
"gbe",1
"genocide",1
"getahaircut",1
"getalifepeople",1
"getbettersoon",1
"getfucked",1
"gethimandtheotherone",1
"gethimtoo100k",1
"getitrightamerica",1
"getitupyee",1
"getoutofaboatyouidiot”",1
"getouttatheboat",1
"getouttheboat",1
"getraped",1
"getsome",1
"getsworse",1
"getthatboatoffmylawn",1
"getthatfucker",1
"getthefacts",1
"gettorturedtodeath",1
"gettoyourbasement",1
"getusedtoit",1
"gfy",1
"gilligan",1
"girlscan'thandletheirsmoke",1
"giv…",1
"givehimthelight",1
"givehumanityachance",1
"giveitup",1
"givethisfaqthechair",1
"giveusevidence",1
"gladhesdead",1
"gladyougotcaught",1
"glimpseintothemindofaserialkiller",1
"glorifyscum",1
"goawayy",1
"gobacktorussia",1
"goboston",1
"godblesstheusa",1
"godhatesfags",1
"godhavemercyonyoursoul",1
"godisgood",1
"godislove",1
"godyallsomebrokeboys”.",1
"goheadandtakethosebulletsson",1
"goingham",1
"goingoutside”",1
"gokickrocks",1
"goml",1
"gonnabhotternhell",1
"gonnafindyou",1
"good",1
"goodadvice",1
"goodbye",1
"goodgame",1
"goodjob",1
"goodjobforfbi",1
"goodmen",1
"goodmorning”",1
"goodread",1
"goodstory",1
"goodtry",1
"goof!!!",1
"goosebumps",1
"gosuckacamelsdick",1
"got",1
"gotchagoodfucker",1
"gotchya",1
"gotdatass",1
"gotheeeeeem",1
"gotheeeeem",1
"gotmefuckedup",1
"gotmethinking",1
"gotohellsonofbitch",1
"gottchabiiitch",1
"gotwhatyoudeserved",1
"gotyabastard",1
"gotyoustupidhigh",1
"govern",1
"governmentconspiracy",1
"govfckup",1
"govtbombingdrill",1
"govtlies",1
"greatcleansing",1
"greatworkfbi",1
"grim",1
"grimmsters,",1
"grimy",1
"groupies",1
"growup",1
"gtashit",1
"gtfoh",1
"guantamo",1
"guantanamobay",1
"guantanamobound",1
"gudia",1
"gueiniteroris",1
"guilty....#fryjahar",1
"guiltyasfuq",1
"guiltyuntilproveninnocent",1
"guns",1
"gunzson",1
"gutless",1
"guts.",1
"hackjokes101",1
"hahahahahaha",1
"hahahajuniorhighfail",1
"hahasucka",1
"halal",1
"half",1
"han",1
"hanghim",1
"hanghimhigh",1
"happy420",1
"happymothersday""",1
"happynow",1
"hardass",1
"harharhar",1
"harold&amp;kumar",1
"haroldandkumar",1
"hashtag",1
"hastalavistababy",1
"hate26.357906,127.783803",1
"hates",1
"have",1
"havealook",1
"havefunloser",1
"havefunwitdafiveo",1
"headdesk",1
"hearbroken",1
"hearhisside",1
"hearhisstory",1
"hearme?",1
"hecreepedhard",1
"hectic",1
"hedeservedit",1
"hedidnothingwrong",1
"hehas3siblings",1
"heinno…",1
"heinnocent",1
"heisonlyasuspectrightnow",1
"hell.#dhzokhar.",1
"hellbound",1
"helloswatteam",1
"hellyeaa""",1
"hellyeaa”",1
"helm",1
"helpus",1
"hemlockgrove",1
"hereallyis",1
"heros",1
"hesalive",1
"hesinnocentiswear",1
"hesnottweetinganymore",1
"hesthebostonbomber",1
"heswaiting",1
"hewasthere",1
"hey",1
"hhitsead",1
"hideandgoseek",1
"hideandseekchamps",1
"hideandseekloser",1
"hidepussy",1
"hidethedope",1
"hideyokidshideyowife",1
"hiding",1
"hiphop",1
"historyclass.",1
"histwitter",1
"hmm",1
"hmmm",1
"holesinboat",1
"holyshit",1
"home'mes.",1
"homealone",1
"homie",1
"homo",1
"hoodnigga",1
"hopebleedsoutonwaytohospital",1
"hopeforthebest",1
"hopefullysoon",1
"hopehegetswhathedeserves",1
"hopeheisinnocent",1
"hopeudieslowlyandpainfully",1
"hopeyoudieaslowhorribledeathafterbeingtortured",1
"hopeyoufry",1
"hopeyougettorturedandrapedinprison",1
"hopeyoulikewaterboarding",1
"hopeyourot",1
"horriblereporting",1
"hot",1
"how?",1
"howconvenient?”",1
"howsyourbro",1
"howyadoin",1
"howyougonnaactlikethatthen",1
"hsi",1
"huckfim",1
"huh..",1
"human",1
"humanityunite",1
"hunthimdown",1
"huntthecunt",1
"hurry",1
"hurryupanddie",1
"hymiö",1
"ia",1
"iatethebones",1
"ibelieveinyou",1
"ibeturotinhell“@j_tsar:",1
"icon.",1
"idbeashamedt…",1
"idgaf",1
"idontknowmuchaboutthat",1
"idplovesmiogt",1
"ifyoufollowmydrift",1
"ifyourforthat”",1
"igetitnow",1
"ihadto",1
"ihateterrorists",1
"ihateyou”",1
"ihavenosympathy4murderers",1
"ihavenowords",1
"ihopehedies",1
"ihopeso",1
"ihopeyoudie",1
"ihopeyoureadthis",1
"ihopeyousuffer",1
"iknoweverything”/competencia",1
"illegal",1
"iloveboston",1
"ilovefreedom",1
"ilovehippies",1
"imalluponthis",1
"imeanreallypeople",1
"imfucked""",1
"imgoingtohell",1
"imissthatman”/here",1
"imonaboat!!!!",1
"imonelazydude",1
"impossible",1
"imsorry",1
"imstillupbecause",1
"imwithyounotmatterwhat",1
"inaboat",1
"incarceration",1
"indignante",1
"infamous",1
"infosec",1
"infowar",1
"infowars",1
"innocent!",1
"innocent…",1
"innocentguy",1
"innocentuntilprovengui…",1
"insanity",1
"inshallah",1
"insidejob""",1
"insidethebombersmind",1
"instafame",1
"intensedream”and",1
"intensedream”he's",1
"intensedream”then",1
"intensofox!",1
"interestingfind",1
"intermediary",1
"internet=&gt;",1
"internetmanhunting",1
"intoodeep",1
"ionoboutit",1
"iraq",1
"ironicjustice",1
"ironiedusort",1
"irony:",1
"ish…",1
"islam?",1
"islam""",1
"islam”",1
"islamaphobia",1
"islamfails",1
"islamicfailure",1
"islamico",1
"islamics",1
"islamicterrorism",1
"islamist",1
"islamistlogic:",1
"islamofascist",1
"istandwithboston",1
"istorturestressful?",1
"isupportdzhokhar",1
"isupportjahar",1
"ithoughtthatwasstupid",1
"itlooksbad",1
"itsathinline”",1
"itsfortheknowledge”the",1
"itsnot",1
"itsovaaaaaa",1
"itsyourturntodie",1
"itwasyourfault",1
"iunderstand",1
"iwishicouldkillyouasshole",1
"iwonder",1
"j_tsar.",1
"j…",1
"jackedup",1
"jagerbombs",1
"jagged",1
"jagoff",1
"jaha…",1
"jahar?",1
"jaharisinnoce…",1
"jaharisinnocent.",1
"jaharsalreadydead",1
"jaharsinnocent",1
"jahartsarnaev",1
"jail101",1
"jailbird",1
"jailrapesfun",1
"jam",1
"jan17th2012",1
"jerk",1
"jesus",1
"jesusforgives#repent",1
"jesusistheanswer",1
"jft96",1
"jftbbv",1
"jhar",1
"jihad...?!",1
"jihadist",1
"jihadistapologist.",1
"jihadistsdontquoteeminen",1
"jihadistswillblamemaryjane",1
"jihadwatch",1
"jkfoldover",1
"jobwelldone",1
"jodiaris",1
"jogyapromo",1
"john316",1
"join",1
"joker",1
"joligut",1
"js",1
"jsbomber",1
"judgeme”",1
"judgementday",1
"jurysout",1
"just",1
"justaguess",1
"justblowitup",1
"justgivethemareason#",1
"justgiveup",1
"justice”",1
"justiceforbostonvictms",1
"justiceforjahar”",1
"justiceforjahar=",1
"justiceformartin",1
"justicefornone",1
"justicefortamerlan",1
"justiceserved",1
"justicewillprevail",1
"justinbieberdidit",1
"justincaseyoudidntalreadyknow",1
"justoahora",1
"justsayn",1
"kaffir",1
"karmaandjusticewillserve",1
"karmagonnagetya",1
"karmawins",1
"kazaaamm",1
"kcoolbye",1
"keepingwestlakesafe",1
"keepitpushing”",1
"keeponbeingignorant",1
"keepopenmind",1
"keeprunning",1
"keepyourheadupbud",1
"kendrick",1
"kerry",1
"keyandpeele",1
"kickass",1
"killer!!!!!",1
"killhisass",1
"killing",1
"killinginthenameofgodiswrong",1
"killthatmotherfucker",1
"killthebitch",1
"killthefuck",1
"killyourselfslowly",1
"kinfolk",1
"kisshmanhunt",1
"kkk",1
"klout",1
"knowledgeispower",1
"knowyourgame",1
"knowyourrole",1
"kompas",1
"krank",1
"kuddos",1
"ky",1
"kygel",1
"laidback",1
"landoftheconspiracy",1
"lanza.",1
"lastbreath",1
"lastlaugh",1
"lastthingweneed",1
"lata",1
"laterdickface",1
"launchpad",1
"law",1
"law.",1
"lawyered",1
"lawyers",1
"lazy",1
"lazyweb,",1
"lead!",1
"learningfromthat",1
"learntospell!",1
"leaveamerica",1
"legit",1
"lekintemedbomber",1
"lethalinjection",1
"lethimlive",1
"letmyniggago",1
"letsg…",1
"letsgethim",1
"letsgetweird",1
"letsgo",1
"letsmakeitakward",1
"li…",1
"liamneesonvoice",1
"liar",1
"libraryofcongress",1
"libtard",1
"libya",1
"lies.",1
"liesivetoldmyparents""",1
"lieswetellourselves”",1
"lifeforalife",1
"lifeguardoftheyear""wtf",1
"lifeguardoftheyear”huh",1
"lifeguardoftheyear”lol",1
"lifeofaterrorist",1
"lifeofpi",1
"likelystory",1
"listen",1
"listentoyouruncle",1
"literally",1
"literally”",1
"littledzhokharer",1
"littlemonsterfriendship",1
"littlepuke",1
"live!",1
"livelife""",1
"livelife”this",1
"livemovie",1
"livestrong”you",1
"livetodieslowlyyoufuck",1
"lnyhbt",1
"loadup",1
"lockedupwontletyouout",1
"lockupjahar",1
"lolz",1
"lonelyisland""",1
"lookoutlouisville",1
"loquehacelatecnología",1
"lord",1
"loser,",1
"losers!",1
"losing",1
"losthismind",1
"louche",1
"louisvill…",1
"louisville..""",1
"louisville""that's",1
"louisville""",1
"louisville”.",1
"louisville”h",1
"louisville”what",1
"love",1
"lovely",1
"lovemycity",1
"lovemyusfam",1
"lovethatdirtywater",1
"lovewins",1
"lovewithouthate",1
"lowkeylol",1
"lulz",1
"lyricfinisher",1
"mabad",1
"maddow",1
"madman",1
"madness",1
"madprops",1
"maggot",1
"mainstreammedia",1
"makebostonsafe",1
"makeitup",1
"makesmesomad",1
"makesmewonder",1
"makesyouwonder",1
"maldito.",1
"mancandymonday",1
"manchuriancandidate",1
"manhu…",1
"manhunt,",1
"manhunt..",1
"manhunt...",1
"manhuntisover",1
"manodura",1
"manup",1
"march26",1
"marcopolo",1
"marilynmanson",1
"maritime",1
"martiallaw",1
"martiallaw!",1
"masen",1
"mass",1
"massholes",1
"massoftwoshits",1
"mastersonprobs",1
"mature",1
"maybenextyear",1
"meatheads",1
"mediahypewhore",1
"mediahypewhore”nice",1
"medialies",1
"mediatrumpfbi",1
"medios",1
"mehek*",1
"melabor;",1
"mellenodetemorencantidadesindustriales",1
"mentionafollwerthatcangetit",1
"mentionafollwerthatgaveyouhead",1
"mentionsomeoneyoudontcareabout",1
"mentionyourcoolestfollowing",1
"merca",1
"merca!!",1
"merica'",1
"mericaaaaaaaaaaaaaaaaa",1
"mericacomingforya",1
"mericadammit!!!!",1
"mericaneverdown",1
"mericasgonnagetyou",1
"mericason",1
"mericuh",1
"merrica",1
"messedupperson",1
"metrics",1
"mf",1
"mf's",1
"mfsob",1
"mindboggling",1
"mindcontrol",1
"mindfucked",1
"mindscramble",1
"minimized",1
"minoentender",1
"miris",1
"miserybehindbars4u",1
"miss…",1
"missing",1
"missingpieces""",1
"mit?#cambridge?",1
"mkultra",1
"mlb",1
"mommasproud",1
"moneyonkidwavyy!",1
"monster",1
"monsters",1
"morefailedreporting",1
"moreforus",1
"moretothisstory",1
"morni…",1
"morningwood”",1
"morons",1
"mostprophetichashtagever",1
"motive",1
"motorboating",1
"muchlove",1
"muftimenk",1
"multitasking",1
"munchies",1
"murder!",1
"murderisharam",1
"murikah!",1
"murrica",1
"muslim.",1
"muslimbrotherhood",1
"muslims!",1
"muslimsaredumb",1
"mustfollow",1
"muthafucka",1
"muzziemoron",1
"my2cents",1
"mybelief",1
"myfoxboston",1
"mylittlepony",1
"mymustache""",1
"myopinion",1
"mystery",1
"mzf",1
"naive",1
"nakedbrothersband",1
"nas",1
"natsec",1
"navyseal",1
"nbs",1
"needless",1
"needshelp",1
"nemo",1
"nettavisen",1
"neutral""",1
"neverjudgeabook",1
"nevertrustatweetlikethis",1
"newmeat",1
"newmusic",1
"newsflash::",1
"newtrack",1
"newworldmedia",1
"nhk",1
"nicelydone",1
"nicetry",1
"niggestoftheniggest",1
"nightnight",1
"nikobellic",1
"nitienitiebitch",1
"noanswer",1
"nobackpack",1
"nobigloss",1
"nofollows",1
"noheart",1
"nohope",1
"nohumanity",1
"nojoke",1
"nolongeronaboat",1
"noluvlikeusaid",1
"nomamar",1
"nomoplayinga",1
"nomorebloodshedjahar",1
"nomoredeath",1
"noneed",1
"noob",1
"noonelseneedstogethurt!",1
"noplaceforilslam",1
"nopunintended",1
"nore",1
"noreally",1
"noreason.",1
"nosey",1
"noshit",1
"nosleep",1
"nosuchthingaspalestinians",1
"nosympathy",1
"notalentclown",1
"notallitscrackeduptobe",1
"notanymoreyourenot",1
"notaradical",1
"notasheep",1
"notclever",1
"notcute",1
"noterrorist",1
"notfail",1
"notgoing”",1
"notguilty",1
"notjustbombonstage",1
"notok",1
"notproven",1
"notreally",1
"notrust",1
"notsurprising",1
"notterrorists!",1
"notthejury",1
"notworthdyingfor",1
"novirgns",1
"nowadayspeopleactlike",1
"nowfollowing",1
"nowfollowing:",1
"nowheretogo#",1
"nowheretohide",1
"nowstalking",1
"nowyoucantleave",1
"npr",1
"nra",1
"nuffsaid",1
"number2",1
"numberplate",1
"numbersdontlie",1
"nutso",1
"nw…",1
"nyc",1
"nypd",1
"nz3emoupas",1
"obvious",1
"ocra",1
"of",1
"offourheads",1
"ohdiosmio",1
"ohmyfuckinggod",1
"ohthatsright",1
"ohtheirony",1
"ohwaityoucant",1
"ohwell",1
"oil",1
"ojoaldato""",1
"okay",1
"okbye",1
"oklahomacitybombing",1
"old",1
"olderbr…",1
"olderbrother",1
"oldhabits",1
"oldnews?",1
"oln",1
"oln”",1
"onaboat...",1
"oneamerica",1
"onelove",1
"oneloyalmofo",1
"oneman",1
"onenation",1
"onenationwestand",1
"onlyday1",1
"onlygodcanjudge",1
"ontherun",1
"onu",1
"onyourtail",1
"oomf",1
"oopsitdiditagain",1
"openmind",1
"operationmockingbird",1
"orangealert",1
"orly?",1
"orwhatyoufuckingpussy",1
"orworse",1
"osama,",1
"osamabinladen",1
"ouf",1
"ourgeneration",1
"ourhouse&amp;boatarefamous",1
"ourstreets",1
"outtashapelikeamofucka”",1
"over",1
"ownit",1
"p…",1
"p4b",1
"pa",1
"palestinabombing",1
"pamearynoechargota",1
"patriot",1
"patriotact",1
"patriots”",1
"patsy?",1
"payforboston",1
"peace.",1
"peaceout",1
"pelakubomboston",1
"pendejoo",1
"people",1
"peoplearefantastic",1
"peopleontwitterbelike",1
"peroyquesesto",1
"peticiónporunjaharlibre",1
"photo",1
"piece",1
"pincheloco",1
"ping",1
"playaaaa",1
"pleasedie",1
"pleasedont",1
"pleaseturnyourselfin",1
"pobavilo",1
"politicalcorrectness",1
"poophead",1
"poor",1
"poorparenting",1
"poorwordchoice",1
"poppunk",1
"popularityisnotquality",1
"posoye",1
"possibility",1
"possibly",1
"postponingurvisit2hell.",1
"powerofdreams",1
"powerofsocialmedia",1
"pplgotissues",1
"pplthatfollowterrorists",1
"praise",1
"pray…",1
"prayerforboston",1
"prayers",1
"prayers4jack""",1
"prayersfrombrazil",1
"prayforboston""",1
"prayforboston”",1
"prayfordzhokar",1
"prayforhim",1
"prayforjah…",1
"prayforjaharandboston",1
"prayforjaharr",1
"prayforpalestine",1
"prayforsyria",1
"prayfortheus",1
"prayforwatertown",1
"praying4dzhokhar",1
"praying4justice",1
"prayingforboston",1
"praytoboston",1
"preachbrotha!!",1
"prediction",1
"pretendyouarewrestling",1
"prettyboy",1
"prevrt",1
"prison!",1
"prisonbitch",1
"prisonbreak",1
"prisonfun""",1
"prisonproblems",1
"prisonrape",1
"prisontweets",1
"probabledefense",1
"problem?""",1
"problem?”",1
"procrastinationhopoffmydick",1
"profilingworks",1
"promise",1
"promotingcelebrity",1
"proobama",1
"proseekers",1
"proudamerican",1
"proudrussian",1
"proximity",1
"przeglądidei",1
"pseudoscholars",1
"psychopath",1
"psychopath”",1
"puke.",1
"pum",1
"punny",1
"puppetonastring",1
"pusshole",1
"pussyassbitch",1
"pussybitch",1
"pussymotherfucker",1
"pussyyyyy",1
"putmytvshowbackon",1
"putoanzhi.",1
"puttingupnumbers",1
"puzzled",1
"pwnd",1
"queen",1
"queer",1
"quelocojanvivo",1
"quickcall",1
"quintquotes",1
"r…",1
"r.i.pbostonvictims",1
"racismatitsfinest",1
"radicalislam",1
"radicalism",1
"raghead",1
"rakofsky?",1
"ramadan”""",1
"raped",1
"ratchet",1
"razonesparadarunfollow",1
"readabook",1
"readmoreintoit",1
"readthetweets",1
"readytodie",1
"realaccount",1
"realfriends",1
"reality",1
"realitycheck",1
"really",1
"really!!?????",1
"reallyhappened",1
"realshame",1
"realstory",1
"realtalkthough",1
"red",1
"redcon",1
"reddit",1
"redessociales",1
"redeye",1
"redflag",1
"redsoxsuck",1
"reefermadness",1
"referring",1
"regginsupercold.",1
"regulardude",1
"reliant",1
"relief",1
"religion",1
"religionofpieces",1
"religionofpieces”",1
"relolgion",1
"rent...",1
"repeatedly",1
"repent",1
"report",1
"research",1
"researchiskey",1
"restitution",1
"reswaffles...",1
"rewrite",1
"ridiculo",1
"right,thanks!!",1
"right!",1
"rihscumbag",1
"roadkill",1
"rockin""",1
"rolfharris",1
"rollup",1
"rookiemistake",1
"rotinhellbiatch",1
"rotinhellfaggot",1
"rotinhellterrorist",1
"rowyourboatcunt",1
"royals.",1
"rrt",1
"rt…",1
"runandhide",1
"runforrestrun",1
"runningman",1
"runningoverownbrotheringetawaycar",1
"runningscared",1
"rusia",1
"s",1
"s...:",1
"sabotage",1
"sadday",1
"saddays",1
"sadface",1
"sadprick",1
"sads",1
"sadtimes",1
"sadtosay",1
"saidnooneever”slight",1
"saidthecolddrunkcollegekids”",1
"sailingtojaharzyshore""",1
"salam",1
"salamaleikum",1
"salamaslongasyouloveme",1
"saltillo",1
"salute",1
"salute”",1
"samemuslimshitdifferentorigin",1
"sandlover",1
"sandnigga",1
"satanbomber",1
"satanmademedoit",1
"saudi",1
"saudifunding",1
"saved",1
"savepalestine",1
"sayhellotobubbayoubitch",1
"sayhellotoosama",1
"saynotoreligion",1
"saythebomber",1
"scam",1
"scarface",1
"scarystuff",1
"scholar",1
"school",1
"scpol",1
"scray",1
"screwamanhunt",1
"screwyouasshole",1
"scrub",1
"sctweets",1
"scum.",1
"scumbags",1
"scumbagterriost",1
"scumoftheearth",1
"sea",1
"secondvictim",1
"seeeya",1
"seektruth",1
"seemssonormal",1
"seethetruth",1
"seeyabud",1
"seeyadickbag",1
"seeyanever",1
"selectivequotation",1
"selfinflicted",1
"selfishbastards""",1
"selfishbastards""douchebag",1
"senseless",1
"senseless#forwhat??#wewantjustice",1
"senselessviolence",1
"separatedatbirth?",1
"seriously!",1
"seriouslycrazy",1
"seriouslytho",1
"serioustweet",1
"setup.",1
"severalsigns",1
"shaheed",1
"shakehand",1
"shameoneveryonefollowinghim",1
"shameonhim",1
"shameshame",1
"share",1
"sharia",1
"shefallsdownhard",1
"shiiiiiiit",1
"shitb…",1
"shitbag",1
"shitfutureterroristssay",1
"shitidiots",1
"shitsuspectedterroristssay",1
"shitsweak...",1
"shitterroristsay",1
"shittingbricks",1
"shootout",1
"shopriteprobs",1
"shotsliterallyfired",1
"shouldhavekilledyoursef",1
"shouldicontactthefbi",1
"shouldofbeenstopped",1
"shout",1
"shoutouttoboston",1
"showers",1
"sht",1
"shutitdown",1
"shutup",1
"shutyourmouth",1
"sick!",1
"sickaf",1
"sickbitch",1
"sickenough",1
"sickfucks",1
"sickos",1
"sickoui",1
"sickpeopleoutthere",1
"sicktwisted",1
"siiiike”",1
"sillyterroristtrixareforbowls",1
"simpleasthat!",1
"sincewebeingchildish",1
"skeptical",1
"skinthecunt",1
"sleeper",1
"slow",1
"smallworld",1
"smd",1
"smdh",1
"smgdh",1
"smile",1
"smileywaffles",1
"smokedopeforjahar",1
"smokesomething",1
"smokin",1
"smthngwrng",1
"sneakybastard",1
"snowbowl",1
"soap",1
"soapnazi",1
"sochi2014.",1
"socialmediawoes",1
"soclear",1
"soconfusing.",1
"soft",1
"softie",1
"sofucked",1
"solid",1
"solitary",1
"somebs",1
"somenuts",1
"someofitisbullshit""",1
"somethingisnotright",1
"somethings…",1
"somethingseemsfishy",1
"somethingswrong",1
"somethingswrongwithme",1
"sonofabitch!",1
"soratchet",1
"sorelieved",1
"sorry",1
"sorry.",1
"sorrybastard",1
"sorrychachi",1
"sorryfucker",1
"sosa",1
"sosad",1
"sound",1
"sourhour",1
"sowrong",1
"sowry",1
"speakenglish",1
"spineless",1
"spinoff",1
"spreadtheword",1
"springbreak",1
"squaaadd",1
"squareup",1
"squeallikeapig",1
"squirt",1
"sta…",1
"stageneracion",1
"stalking",1
"starfox",1
"statepolice",1
"stay",1
"stayinjail4life",1
"stays…",1
"staysafe",1
"staysafeboston.",1
"stayscheming",1
"staystrong""”",1
"stayup",1
"stayupboston",1
"stephencolbertpretendingtobeme",1
"still?",1
"stillpraying",1
"stonerfam",1
"stonethatfucker",1
"stoney",1
"stopfollowing",1
"stopguiltbyassociation",1
"stoplyingstopframing",1
"stoppingnow",1
"stopthelies",1
"straighttohell",1
"straightup",1
"stranded",1
"strangetweet",1
"stress",1
"stressfreeassfuckin",1
"stressfreeguymyballs",1
"stresslife",1
"stuckat1099",1
"studiowitht",1
"stupid",1
"stupidasskid",1
"stupidbelief",1
"stupidity",1
"stupidityattracts",1
"stupidman",1
"stupidmotherfucker",1
"stupidmuslim",1
"stupidrussian",1
"suarez",1
"suarezisinnocent",1
"submittoauthoratehh",1
"suckadick",1
"suckafatone",1
"sucker",1
"suckergonnafry",1
"suckers”",1
"suckers”oh",1
"suckingatlife",1
"sucksforyou",1
"sucksforyoubro",1
"sudan",1
"suicide",1
"suicidenote",1
"suitcasemoney",1
"summer",1
"sunfried",1
"sunglasseson",1
"superdouchebag",1
"supere…",1
"supportdzhokhar...",1
"supportforjahar",1
"supportjahar",1
"surprise!!!",1
"surprised",1
"surrender",1
"surrenderplease",1
"surrounded",1
"suryaray",1
"sus…",1
"suspectedbostonbomber",1
"suspectno.2",1
"suspectno2",1
"suspectnumber2.",1
"suspects",1
"suspicioustweet",1
"sux2suk",1
"swag",1
"swagfag",1
"swagggggg",1
"swallowagundouchebag",1
"swat",1
"sweetdeadbrother",1
"sweetreggeamusic",1
"sweettooth",1
"swidt",1
"syria'n",1
"syrians",1
"tablesturned",1
"tahukahkamu",1
"takeaction",1
"takeaseat",1
"takeitscum",1
"takelube",1
"tamarlan",1
"tamerlinroadkilllol!!",1
"tamerlinthespeedbump",1
"tanfrescocomolechuga",1
"tdgn",1
"teamboylan",1
"teambreezy",1
"teamfollowback”",1
"teamjahar",1
"teamjtsar",1
"teammanhunt",1
"teamshady.",1
"teamtsarnaev",1
"teamusa",1
"teenager.",1
"teenagersmakemistakes!",1
"teenagestuff",1
"tellusanother",1
"temperaturerisin",1
"terethon",1
"terorist",1
"teroristboston",1
"teroristcaptured",1
"terrible",1
"terriblepoint",1
"terroist",1
"terrorfamous",1
"terrorismo",1
"terrorist-",1
"terrorist,",1
"terrorist""",1
"terrorist#1",1
"terroristalk",1
"terroristfuck",1
"terroristfuckers",1
"terroristhumor",1
"terroristjokes",1
"terroristlookalike",1
"terroristnumberone",1
"terroristproblemz",1
"terroristscum",1
"terroristsdontdowellhere",1
"terroristsgodown",1
"terroristspread",1
"terroristtingz",1
"tf",1
"tfb",1
"tgo",1
"tha…",1
"thankfuck",1
"thankgodtheycatchedhim",1
"thankmelater",1
"thanks",1
"thanksalotpal",1
"thanksgod",1
"thankyou",1
"thankyoufornotsnitching",1
"thankyoupd",1
"that",1
"thatawkwardmoment",1
"thatisall",1
"thatsbrotherlyloveforya",1
"thatsdeep",1
"thatshitcray",1
"thatsrightnevermind",1
"thatsthatshitidontlike""",1
"thatstragic”",1
"thatsweird",1
"theawkwardmomentwhen",1
"thebomber",1
"thebostonbomber.",1
"thecatch",1
"thedarkknight",1
"thefuck",1
"thefuck?",1
"theirony",1
"theirony.....",1
"thelawwilljudgeyou",1
"theniggarfamily",1
"theotherguys",1
"theplacebeyondthepines",1
"theplot",1
"thepolice",1
"thesandusky",1
"thesecolorsdontrun",1
"thesexypartofwatertown",1
"thespins""",1
"thetarget",1
"theterroristnextdoor",1
"thethirstisreal”",1
"theworldhatesyou",1
"theworldischanging",1
"theyarefuckingevil",1
"theyconfessedtocarjackvictim",1
"theyjustwanttotalk",1
"theyllnevercatchme""",1
"theymadeouttwice",1
"theyrecomingforyou",1
"thick",1
"thingsyoudontyell…",1
"thingsyoudontyellwhene…",1
"thingsyoudontyellwhenenteringaroom.""",1
"thingsyoudontyellwhenenteringaroom.alleged",1
"thingsyoudontyellwhenenteringaroom""-this",1
"thingsyoudontyellwhenenteringaroom""#manhunt",1
"thingsyoudontyellwhenenteringaroom""bombers",1
"thingsyoudontyellwhenenteringaroom""wow",1
"thingsyoudontyellwhenenteringaroom”--&gt;",1
"thingsyoudontyellwhenenteringaroom”.......…",1
"thingsyoudontyellwhenenteringaroom”................",1
"thingsyoudontyellwhenenteringaroom”@rorywhitworth",1
"thingsyoudontyellwhenenteringaroom”*c",1
"thingsyoudontyellwhenenteringaroom”&lt;--he",1
"thingsyoudontyellwhenenteringaroom”creepy",1
"thingsyoudontyellwhenenteringaroom”da",1
"thingsyoudontyellwhenenteringaroom”getting",1
"thingsyoudontyellwhenenteringaroom”go",1
"thingsyoudontyellwhenenteringaroom”making",1
"thingsyoudontyellwhenenteringaroom”sick",1
"thingsyoudontyellwhenenteringaroom”ur",1
"thingsyoudontyellwhenenteringaroom”very",1
"thinkforyourself",1
"thisdudeisfake",1
"thisguywasanormalteen",1
"thisisamerica",1
"thisiscrazy",1
"thisisrealtragedy",1
"thisisthebostonbomber",1
"thisistorture”",1
"thisonesinthebag",1
"thisworldisfucked",1
"throwawa…",1
"throwawaythekeys",1
"throwback""and",1
"throwe…",1
"throweveryoneoff",1
"throwingknowledgeatyourightnow",1
"thug",1
"thugliving”...",1
"thunder2013",1
"thundernobueno",1
"thunderoverlouisville",1
"ticktock?",1
"ticktockticktock.",1
"tightenthelid",1
"timeforprison",1
"timeisup",1
"timeiwillnevergetback”",1
"timeiwillnevergetback”boo",1
"timetopay",1
"tinfoilbitch",1
"tinfoilin",1
"tobeloved",1
"tocatchaterrorist",1
"todomal",1
"tohell",1
"toldya",1
"tooreal”do",1
"toothfairy",1
"tootrill",1
"topcunt",1
"topguluva",1
"toptips",1
"torturehimslowly",1
"torturethecunt",1
"tossthatsaladnigga!!!",1
"tot",1
"totalitarianism",1
"toughluck",1
"toxiccriminals",1
"tragedy",1
"tragic”....",1
"tragic””",1
"tragic”loool",1
"traitsimnotproudof”",1
"traitsimnotproudof”u",1
"translate",1
"traplife""",1
"traplife”now",1
"trashbag",1
"treason.",1
"triumphant",1
"troll",1
"troll”",1
"trotcrossleytruth",1
"troy…",1
"troycossleytrust",1
"troycr…",1
"troycross…",1
"troycrosselytruth!!ffs!!",1
"troycrosselytruth.""",1
"troycrossle…",1
"troycrosslettrust",1
"troycrossleytru…",1
"troycrossleytrust""ok",1
"troycrossleytrutg",1
"troycrossleytruth.",1
"troycrossleytruthbetold",1
"true",1
"true!!",1
"truecolorsshowing",1
"truefriend",1
"truemuslim",1
"truestory",1
"trustandsafety",1
"trustyourgut",1
"truth?",1
"truth""",1
"truth”no",1
"truthandlies",1
"truthondzhokhartsarnaev",1
"truuu",1
"tsarnaev”",1
"tsarnaeva’s",1
"tsarnaevbrothers",1
"tsarnaevtweets",1
"tsarnev",1
"tueur",1
"tukarask",1
"turn",1
"turnup",1
"turnyourslfin",1
"tv2norge",1
"tvasahi",1
"twatchin",1
"tweetataterrorist",1
"tweetaterrorist",1
"tweetingaterrorist",1
"tweetit",1
"tweetpenting",1
"tweetprecedent",1
"tweets",1
"tweetsdelquepudolabombaenboston",1
"tweetsdelquepusolbombaenboston",1
"twelve",1
"twisted",1
"twitter_followers_increase",1
"twitter-account",1
"twitter,",1
"twitterfamous",1
"twitterhandle",1
"twitterisalwaysfuckinup",1
"twoforyou",1
"typeinallcaps",1
"typicalkid",1
"typicalterrorist",1
"ubl",1
"ufaa",1
"ugh",1
"ugogirl",1
"ugotcaughtmotherf**ker",1
"uhmoment",1
"uhoh",1
"umadbro?",1
"unamerican”",1
"uncc",1
"uncle",1
"undefeated",1
"unfairtochargersbeforetrail",1
"unfollow@j-tsar",1
"ungratefulgeneration",1
"unimaginative",1
"uniteblue",1
"unlikely",1
"unlucky",1
"unlucky.",1
"unluckybud",1
"unreal!!",1
"unsettling",1
"unsure",1
"uoenoit",1
"upcreekwithoutpaddle",1
"upig",1
"urbrolol",1
"urfucked",1
"urmessedman",1
"usa!",1
"usa!!!",1
"usa.",1
"usa#1",1
"usahammer",1
"usanda",1
"usapride",1
"uscum",1
"usebombs",1
"usgovt",1
"usiiiiiiiii",1
"usjustice",1
"vagueclue",1
"verify",1
"verysickboy",1
"verystressfree",1
"victim!",1
"violence.",1
"voctory",1
"wackjob",1
"waertown",1
"waggingthedog",1
"wakeup!?",1
"waldo",1
"walkingdead",1
"wanker",1
"wankster",1
"war",1
"warnabroad",1
"waronterror1",1
"waste",1
"wastedlife",1
"wastedyoursaway",1
"wasteman",1
"wasteoflife",1
"waterboard.",1
"waterown",1
"waterstone",1
"watertown?",1
"watertown...",1
"wavy",1
"way",1
"waytogoamerica",1
"wbc",1
"weaintgayrelaxfaggots",1
"weaintgayrelaxfaggots""@fbi",1
"weak",1
"weakflow",1
"weareboston",1
"weartheblackhat",1
"wearyellowinpublic",1
"wec…",1
"wecareaboutujahar",1
"wecareaboutyoujahar",1
"wecareboutyoujahar",1
"wecareja…",1
"wecaughtyoumuhfucka",1
"wecomingforyou…",1
"wedontnegotiatewithterrorists",1
"weed!",1
"weedkills",1
"weeds",1
"wefoundya",1
"wegonefindyou",1
"wegonfindu",1
"wegonnafindu",1
"wegonnafindyouboy",1
"wegotabadassoverhere",1
"wegotyourass",1
"wegotyourassnow",1
"wehaveanotherassangehere",1
"wehavenorights.",1
"wehaveplenty""",1
"wehavetodobetter",1
"weightroombud",1
"weirddd",1
"weirddude",1
"weirdshit",1
"weirdshit”",1
"weknowthetruth",1
"welcometoamerica",1
"welcometothejailhouse",1
"welldoneamerica",1
"wemadeit”",1
"weouthere",1
"werehere4ujahar",1
"werehere4youjahar",1
"werepraying4you",1
"weseeyou",1
"weshallnotassume",1
"wesupportyou",1
"wetcunt",1
"wetortureyou",1
"wewillbebetteroffwithoutyourkind",1
"wewillcatchyou",1
"wewillgetyou",1
"wewillneverknow",1
"wha…",1
"whaaaaaaaaaaaatt??!?!?!",1
"whammy",1
"whataboutnow",1
"whatafag",1
"whatareyouthinking!!!??!!!",1
"whatasicko",1
"whatasickperson",1
"whatdidthissolve",1
"whatelsedoyouneed",1
"whatgoesaroundcomesaround",1
"whatmorecanisay",1
"whatreallyhappened?",1
"whatsgoingonbro",1
"whatsthatredlightonmyhead?",1
"whatsthemotive”",1
"whattaloon",1
"whatthe?",1
"whattheactualfuck",1
"whattodowhattodo",1
"whatwentthroughhismind",1
"wheniwakeup",1
"where’sj_tsar",1
"whereareyou",1
"wheredyourbackpackgo",1
"wheresdzhokhar",1
"whereswally",1
"wheresyourbrothergone",1
"whereverthefuckyourfrom0",1
"whereyougo",1
"white",1
"whitehotheat!",1
"whoistherealabdul_",1
"whoopsies",1
"whothefuckscarednow",1
"why???",1
"whyilovetwitter",1
"whyyyyyyy???????",1
"winner",1
"wins",1
"wishicouldhelp",1
"wishicouldwatchthemtor…",1
"wishicouldwatchthemtortureyourass",1
"wishiwashome”",1
"wishutookurmiserableassbacktorussia",1
"wishyouwell",1
"wiunion",1
"women!",1
"wonttakehimalive",1
"wontwarwitus",1
"worcesterstrong",1
"wordsofabomber",1
"wordsofaterror…",1
"wordsofaterrorista",1
"workinhard?",1
"worldchamp",1
"worldhatesyou",1
"worthlesspieceofshit",1
"wounded",1
"wow...",1
"wrongboat!",1
"wrongcitytomesswith",1
"wrongguy",1
"wronglyreported",1
"wtf..",1
"wtf""",1
"wwe",1
"yachtclub",1
"yachtday",1
"yadead",1
"yaestoycomoloca",1
"yafeelme”",1
"yasal",1
"yawn",1
"yay",1
"yayus",1
"yeahbitch",1
"yeeneenkno",1
"yeezytaughtme",1
"yerdonesonyerdone",1
"you'llsee",1
"you'refucked",1
"you'renext",1
"you'resick",1
"youareadumbass",1
"youaredead",1
"youareevil",1
"youarefucked",1
"youbelonginhell",1
"youbitch",1
"youcansaythatagain",1
"youcanthide",1
"youcantrunforlong",1
"youcantseethis",1
"youcutethough",1
"youdeservetodie",1
"youdidthis",1
"youdidthistoyourself",1
"youdontdeservetolive",1
"youfuckedwiththewrongcity",1
"youfuckedwitthewrongcity",1
"yougetwhatyoudeserve",1
"yougongetwaterboarded",1
"yougonlearntoday",1
"yougontojailnow",1
"yougotme",1
"youjustmademelaghsohard",1
"youkillus",1
"youknowwhattodo.",1
"youmightjustblow",1
"youmug",1
"youneedtodie",1
"youngerbrother",1
"younotslick",1
"youpieceofshit",1
"yourafaggot",1
"youranhimover",1
"yourapussy",1
"yourdead",1
"yourdone",1
"yourdumbasfuck",1
"youreafuckingmoron",1
"yourealreadydead",1
"youreascumbag",1
"youreasickhumanbeing",1
"youreasmartone",1
"yourebothscumbags",1
"youredead",1
"youredeadman",1
"youredoingitwrong",1
"youredone",1
"yourenotinnocent",1
"youreretarded",1
"youresodead",1
"yourethatshitidontlike",1
"youreworthless",1
"yourfriendsisabouttoendsoonborrowhis",1
"yourfucked",1
"yourgayif",1
"yourgoingtohelldox!",1
"yourgonnagetbummed",1
"yourgunnadie",1
"yourit",1
"yourlifeisnothing",1
"yourlifeisover",1
"yourlifenow",1
"yournexthomie",1
"yournotalone",1
"yourparentsloveyou",1
"yourscrewed",1
"yoursick",1
"yoursofucked",1
"yourtheman",1
"yourturn",1
"youshouldpayfor",1
"yousickfuck",1
"yousuck",1
"youwantyocoooonbreeead",1
"youwillbefound",1
"youwillsuffer",1
"youwontlastaday",1
"zarnaje",1
"zero",1
"zerodarkthirty",1
"zhokhar",1
"zit",1
"анжи",1
"анжи…",1
"белгород.",1
"бостон...но",1
"братьяцарнаевы",1
"месть",1
"тварь",1
"траур.",1
"царнаевы",1
"чечня",1
"الإرهاب""does",1
"الريتويت_السابق",1
"انفجار_بوسطن.",1
"انفجار_ماراثون_بوسطن",1
"بوسط…",1
"بوسطن.",1
"قصة_قصيرة_حزينة",1
"كيفي_كيفي",1
"ボストンマラソン",1
